,topic,fit
0,history--dr--volume--poet--work--prof--state--edition--life--poetry,0.804570662
1,irish--crockett--maid--sir--waif--galloway--garden--vidal--story--church,0.788692713
2,huguenot--montaigne--gracchus--dyke--court--wise--detective--tiberius--decision--old,0.774456238
3,radium--quiet--impulse--old--radical--breathe--sweet--terrific--home--ship,0.782920836
4,hawker--thackeray--story--promoter--hound--marquise--xix--legend--newman--paper,0.408319107
5,history--dr--volume--poet--work--prof--state--edition--life--poetry,0.786501315
6,ireland--irish--law--god--international--state--novel--millionaire--widow--unite,0.504943479
7,japanese--war--russian--negro--russia--japan--sea--story--czar--battle,0.772942973
8,jamaica--myth--cross--lodge--harding--novel--loomis--boston--medal--ball,0.628743655
9,history--dr--volume--poet--work--prof--state--edition--life--poetry,0.746679404
10,letter--st--saint--dr--church--life--war--article--constitution--parish,0.770065165
11,copyright--royalist--caricature--decision--real--paris--brown--juvenile--xviii--jacobin,0.768533256
12,motor--car--proverb--india--trust--tree--tea--inflorescence--cent--sign,0.642437288
13,letter--st--saint--dr--church--life--war--article--constitution--parish,0.675964887
14,animal--iowa--worry--revenge--firm--seton--pigeon--territory--ghastly--delicate,0.805692938
15,history--dr--volume--poet--work--prof--state--edition--life--poetry,0.356881412
16,hawker--thackeray--story--promoter--hound--marquise--xix--legend--newman--paper,0.447806111
17,courtship--widow--testament--story--tariff--dollar--charter--california--luck--protection,0.455297943
18,japanese--war--russian--negro--russia--japan--sea--story--czar--battle,0.591089927
19,card--reverend--young--strategy--mare--foley--delegate--memoir--los--walk,0.75863389
20,bacon--balloon--anarchist--soil--ghost--howell--charter--airship--sociology--mad,0.504335662
21,book--plant--plate--stevenson--auction--hawaiian--canal--child--burr--venice,0.639708591
22,antarctic--mission--ice--forestry--china--rat--polar--winter--mile--probationer,0.559058653
23,yacht--island--young--lotto--utopia--friend--soto--dolor--story--bahama,0.581839906
24,hawker--thackeray--story--promoter--hound--marquise--xix--legend--newman--paper,0.498696505
25,irish--crockett--maid--sir--waif--galloway--garden--vidal--story--church,0.637192531
26,history--dr--volume--poet--work--prof--state--edition--life--poetry,0.753199356
27,letter--st--saint--dr--church--life--war--article--constitution--parish,0.662086123
28,history--dr--volume--poet--work--prof--state--edition--life--poetry,0.441300184
29,bacon--balloon--anarchist--soil--ghost--howell--charter--airship--sociology--mad,0.697143611
30,book--plant--plate--stevenson--auction--hawaiian--canal--child--burr--venice,0.446785212
31,orchid--shrub--scab--tree--garden--villa--picture--yacht--text--picker,0.658455827
32,animal--iowa--worry--revenge--firm--seton--pigeon--territory--ghastly--delicate,0.784151394
33,mister--puritanism--kropotkin--dolomite--lang--gun--titan--country--journalism--travel,0.402209814
34,concert--ab--monetary--cave--musical--progress--fallacy--coin--islam--hagar,0.788219976
35,advertise--story--hawthorne--romance--shop--dryad--col--canadian--williamson--tide,0.477982575
36,mexico--brown--mexican--parliament--salon--thompson--voyage--city--thing--texas,0.642805567
37,holland--journey--emigrant--slum--oregon--family--hoe--unappreciated--respectability--markham,0.765415634
38,letter--st--saint--dr--church--life--war--article--constitution--parish,0.770488347
39,japanese--war--russian--negro--russia--japan--sea--story--czar--battle,0.607479899
40,book--plant--plate--stevenson--auction--hawaiian--canal--child--burr--venice,0.770581462
41,yacht--island--young--lotto--utopia--friend--soto--dolor--story--bahama,0.777217077
42,antarctic--mission--ice--forestry--china--rat--polar--winter--mile--probationer,0.695553403
43,japanese--war--russian--negro--russia--japan--sea--story--czar--battle,0.770823705
44,street--edinburgh--arabic--free--hyde--hawthorne--game--colonel--problem--lodestar,0.609709199
45,book--plant--plate--stevenson--auction--hawaiian--canal--child--burr--venice,0.774468325
46,history--dr--volume--poet--work--prof--state--edition--life--poetry,0.764292228
47,ireland--party--rodin--catalina--irish--parliament--wale--head--cupid--abolitionist,0.599884914
48,ireland--irish--law--god--international--state--novel--millionaire--widow--unite,0.586235668
49,card--reverend--young--strategy--mare--foley--delegate--memoir--los--walk,0.43967629
50,rhyme--tennis--bronte--tower--telegram--volcano--rhymer--tibetan--short--tall,0.77337273
51,orchid--shrub--scab--tree--garden--villa--picture--yacht--text--picker,0.796001171
52,history--dr--volume--poet--work--prof--state--edition--life--poetry,0.361035013
53,shakespeare--river--regiment--poe--confederate--alabama--satire--ohio--anthology--map,0.780355548
54,history--dr--volume--poet--work--prof--state--edition--life--poetry,0.390156432
55,japanese--war--russian--negro--russia--japan--sea--story--czar--battle,0.650752678
56,radium--quiet--impulse--old--radical--breathe--sweet--terrific--home--ship,0.773101591
57,orchid--shrub--scab--tree--garden--villa--picture--yacht--text--picker,0.782062113
58,street--edinburgh--arabic--free--hyde--hawthorne--game--colonel--problem--lodestar,0.348321484
59,japanese--war--russian--negro--russia--japan--sea--story--czar--battle,0.742963664
60,hawker--thackeray--story--promoter--hound--marquise--xix--legend--newman--paper,0.774662029
61,letter--st--saint--dr--church--life--war--article--constitution--parish,0.6554539
62,mister--puritanism--kropotkin--dolomite--lang--gun--titan--country--journalism--travel,0.770311578
63,watt--oregon--game--claim--indian--goodwin--tuscany--sawdust--alaska--road,0.712431619
64,ship--crow--caretaker--nightingale--countess--glass--physical--miniature--salisbury--medical,0.727731779
65,gaunt--pilgrimage--brush--saga--canterbury--hakluyt--hat--library--attachment--happiness,0.461405087
66,watt--oregon--game--claim--indian--goodwin--tuscany--sawdust--alaska--road,0.602505432
67,violin--lonely--varnish--setter--hutton--curate--chemise--maker--dog--strangely,0.789421491
68,teacher--education--college--latin--greek--officer--club--teach--school--revival,0.337772995
69,ireland--party--rodin--catalina--irish--parliament--wale--head--cupid--abolitionist,0.62741498
70,browne--preach--insurance--messenger--theory--rev--memory--child--shore--horse,0.772634811
71,rhyme--tennis--bronte--tower--telegram--volcano--rhymer--tibetan--short--tall,0.48529988
72,hawker--thackeray--story--promoter--hound--marquise--xix--legend--newman--paper,0.546068615
73,mexico--brown--mexican--parliament--salon--thompson--voyage--city--thing--texas,0.618588698
74,automobile--firth--journal--tipple--philadelphia--runner--methodism--bristol--derbyshire--seat,0.700096632
75,history--dr--volume--poet--work--prof--state--edition--life--poetry,0.760486884
76,history--dr--volume--poet--work--prof--state--edition--life--poetry,0.754009036
77,history--dr--volume--poet--work--prof--state--edition--life--poetry,0.746540522
78,japanese--war--russian--negro--russia--japan--sea--story--czar--battle,0.751588444
79,history--dr--volume--poet--work--prof--state--edition--life--poetry,0.784862583
80,japanese--war--russian--negro--russia--japan--sea--story--czar--battle,0.666116127
81,thy--hewlett--polo--irish--italy--isidro--review--jacobite--meter--fool,0.467004303
82,shakespeare--river--regiment--poe--confederate--alabama--satire--ohio--anthology--map,0.634457305
83,history--dr--volume--poet--work--prof--state--edition--life--poetry,0.76897432
84,history--dr--volume--poet--work--prof--state--edition--life--poetry,0.773668874
85,history--dr--volume--poet--work--prof--state--edition--life--poetry,0.63159896
86,letter--st--saint--dr--church--life--war--article--constitution--parish,0.553671101
87,shakespeare--river--regiment--poe--confederate--alabama--satire--ohio--anthology--map,0.762296467
88,cook--balkan--pink--provence--turkish--shave--beautiful--deposit--bank--barrow,0.610964929
89,concert--ab--monetary--cave--musical--progress--fallacy--coin--islam--hagar,0.63448534
90,shakespeare--river--regiment--poe--confederate--alabama--satire--ohio--anthology--map,0.626998879
91,history--dr--volume--poet--work--prof--state--edition--life--poetry,0.373512807
92,letter--st--saint--dr--church--life--war--article--constitution--parish,0.534300454
93,blind--potemkin--clock--advice--golf--sight--golfer--opossum--wilderness--actress,0.591715826
94,letter--st--saint--dr--church--life--war--article--constitution--parish,0.575486156
95,empress--emperor--bank--currency--imperial--tuskegee--dowager--chemistry--universe--court,0.707632908
96,dutch--pirate--colonial--story--dependency--tropical--marquis--holland--bourbon--cobalt,0.778780969
97,mecca--road--pilgrim--muslim--bias--bandit--pilgrimage--farm--stone--marquez,0.736534521
98,ireland--party--rodin--catalina--irish--parliament--wale--head--cupid--abolitionist,0.615927176
99,japanese--war--russian--negro--russia--japan--sea--story--czar--battle,0.768946308
100,mister--puritanism--kropotkin--dolomite--lang--gun--titan--country--journalism--travel,0.538580704
101,browne--preach--insurance--messenger--theory--rev--memory--child--shore--horse,0.577284947
102,letter--st--saint--dr--church--life--war--article--constitution--parish,0.670884007
103,mecca--road--pilgrim--muslim--bias--bandit--pilgrimage--farm--stone--marquez,0.713699776
104,garden--artist--congo--cather--curly--amish--queer--story--detective--arizona,0.371222576
105,blind--potemkin--clock--advice--golf--sight--golfer--opossum--wilderness--actress,0.674957213
106,huguenot--montaigne--gracchus--dyke--court--wise--detective--tiberius--decision--old,0.524345623
107,japanese--war--russian--negro--russia--japan--sea--story--czar--battle,0.795718709
108,shakespeare--river--regiment--poe--confederate--alabama--satire--ohio--anthology--map,0.542057566
109,japanese--war--russian--negro--russia--japan--sea--story--czar--battle,0.68061339
110,letter--st--saint--dr--church--life--war--article--constitution--parish,0.47199342
111,southern--macdonald--jungle--standish--breton--room--england--ball--scene--lyman,0.555294092
112,history--dr--volume--poet--work--prof--state--edition--life--poetry,0.4249592
113,history--dr--volume--poet--work--prof--state--edition--life--poetry,0.775246061
114,animal--iowa--worry--revenge--firm--seton--pigeon--territory--ghastly--delicate,0.793271851
115,blind--potemkin--clock--advice--golf--sight--golfer--opossum--wilderness--actress,0.798626285
116,ship--crow--caretaker--nightingale--countess--glass--physical--miniature--salisbury--medical,0.687957886
117,indiana--slavery--tale--buffalo--sugar--vermont--farmer--northwest--precipitation--rainfall,0.521301702
118,japanese--war--russian--negro--russia--japan--sea--story--czar--battle,0.427528953
119,empress--emperor--bank--currency--imperial--tuskegee--dowager--chemistry--universe--court,0.794618937
120,courtship--widow--testament--story--tariff--dollar--charter--california--luck--protection,0.645774061
121,letter--st--saint--dr--church--life--war--article--constitution--parish,0.670679765
122,mexico--brown--mexican--parliament--salon--thompson--voyage--city--thing--texas,0.564449175
123,street--edinburgh--arabic--free--hyde--hawthorne--game--colonel--problem--lodestar,0.543997734
124,jamaica--myth--cross--lodge--harding--novel--loomis--boston--medal--ball,0.704119936
125,concert--ab--monetary--cave--musical--progress--fallacy--coin--islam--hagar,0.62438866
126,street--edinburgh--arabic--free--hyde--hawthorne--game--colonel--problem--lodestar,0.752312378
127,book--plant--plate--stevenson--auction--hawaiian--canal--child--burr--venice,0.773700335
128,bacon--balloon--anarchist--soil--ghost--howell--charter--airship--sociology--mad,0.716640543
129,browne--preach--insurance--messenger--theory--rev--memory--child--shore--horse,0.562025516
130,watt--oregon--game--claim--indian--goodwin--tuscany--sawdust--alaska--road,0.76139941
131,japanese--war--russian--negro--russia--japan--sea--story--czar--battle,0.733388043
132,history--dr--volume--poet--work--prof--state--edition--life--poetry,0.336045277
133,history--dr--volume--poet--work--prof--state--edition--life--poetry,0.745372494
134,shakespeare--river--regiment--poe--confederate--alabama--satire--ohio--anthology--map,0.549514403
135,mecca--road--pilgrim--muslim--bias--bandit--pilgrimage--farm--stone--marquez,0.767663809
136,history--dr--volume--poet--work--prof--state--edition--life--poetry,0.717380752
137,mister--puritanism--kropotkin--dolomite--lang--gun--titan--country--journalism--travel,0.534481408
138,ship--crow--caretaker--nightingale--countess--glass--physical--miniature--salisbury--medical,0.665314083
139,bacon--balloon--anarchist--soil--ghost--howell--charter--airship--sociology--mad,0.768342186
140,ireland--party--rodin--catalina--irish--parliament--wale--head--cupid--abolitionist,0.583197092
141,letter--st--saint--dr--church--life--war--article--constitution--parish,0.506720453
142,teacher--education--college--latin--greek--officer--club--teach--school--revival,0.551992454
143,copyright--royalist--caricature--decision--real--paris--brown--juvenile--xviii--jacobin,0.756487636
144,violin--lonely--varnish--setter--hutton--curate--chemise--maker--dog--strangely,0.654132253
145,hawker--thackeray--story--promoter--hound--marquise--xix--legend--newman--paper,0.636851918
146,history--dr--volume--poet--work--prof--state--edition--life--poetry,0.796528269
147,ye--mendelssohn--hauptmann--personality--candidate--violin--grayson--speller--revolutionist--maeterlinck,0.781329468
148,history--dr--volume--poet--work--prof--state--edition--life--poetry,0.781383466
149,mecca--road--pilgrim--muslim--bias--bandit--pilgrimage--farm--stone--marquez,0.796541373
150,book--plant--plate--stevenson--auction--hawaiian--canal--child--burr--venice,0.559435213
151,gaunt--pilgrimage--brush--saga--canterbury--hakluyt--hat--library--attachment--happiness,0.486595743
152,huguenot--montaigne--gracchus--dyke--court--wise--detective--tiberius--decision--old,0.627856762
153,orchid--shrub--scab--tree--garden--villa--picture--yacht--text--picker,0.786226798
154,ship--crow--caretaker--nightingale--countess--glass--physical--miniature--salisbury--medical,0.63069919
155,mecca--road--pilgrim--muslim--bias--bandit--pilgrimage--farm--stone--marquez,0.465734272
156,moran--ipswich--regulator--tree--north--newman--inn--limb--family--movement,0.46246007
157,history--dr--volume--poet--work--prof--state--edition--life--poetry,0.768659507
158,constantino--trinity--employment--dugald--tibet--puritan--anger--romance--evil--beach,0.785615566
159,moran--ipswich--regulator--tree--north--newman--inn--limb--family--movement,0.607064029
160,gaunt--pilgrimage--brush--saga--canterbury--hakluyt--hat--library--attachment--happiness,0.661317302
161,mexico--brown--mexican--parliament--salon--thompson--voyage--city--thing--texas,0.763876377
162,letter--st--saint--dr--church--life--war--article--constitution--parish,0.777790642
163,ireland--party--rodin--catalina--irish--parliament--wale--head--cupid--abolitionist,0.784689577
164,cook--balkan--pink--provence--turkish--shave--beautiful--deposit--bank--barrow,0.433517253
165,teacher--education--college--latin--greek--officer--club--teach--school--revival,0.623509777
166,courtship--widow--testament--story--tariff--dollar--charter--california--luck--protection,0.779736017
167,teacher--education--college--latin--greek--officer--club--teach--school--revival,0.695076333
168,letter--st--saint--dr--church--life--war--article--constitution--parish,0.583195154
169,japanese--war--russian--negro--russia--japan--sea--story--czar--battle,0.707703998
170,blind--potemkin--clock--advice--golf--sight--golfer--opossum--wilderness--actress,0.724150951
171,shakespeare--river--regiment--poe--confederate--alabama--satire--ohio--anthology--map,0.610403319
172,gaunt--pilgrimage--brush--saga--canterbury--hakluyt--hat--library--attachment--happiness,0.559266885
173,street--edinburgh--arabic--free--hyde--hawthorne--game--colonel--problem--lodestar,0.676527507
174,history--dr--volume--poet--work--prof--state--edition--life--poetry,0.749675595
175,blind--potemkin--clock--advice--golf--sight--golfer--opossum--wilderness--actress,0.793371309
176,advertise--story--hawthorne--romance--shop--dryad--col--canadian--williamson--tide,0.642790206
177,antarctic--mission--ice--forestry--china--rat--polar--winter--mile--probationer,0.64755716
178,teacher--education--college--latin--greek--officer--club--teach--school--revival,0.798468355
179,yacht--island--young--lotto--utopia--friend--soto--dolor--story--bahama,0.762218566
180,jamaica--myth--cross--lodge--harding--novel--loomis--boston--medal--ball,0.462378925
181,ireland--irish--law--god--international--state--novel--millionaire--widow--unite,0.655178338
182,advertise--story--hawthorne--romance--shop--dryad--col--canadian--williamson--tide,0.611299127
183,japanese--war--russian--negro--russia--japan--sea--story--czar--battle,0.758468356
184,thy--hewlett--polo--irish--italy--isidro--review--jacobite--meter--fool,0.65596415
185,empress--emperor--bank--currency--imperial--tuskegee--dowager--chemistry--universe--court,0.771622903
186,hawker--thackeray--story--promoter--hound--marquise--xix--legend--newman--paper,0.405910564
187,empress--emperor--bank--currency--imperial--tuskegee--dowager--chemistry--universe--court,0.789956676
188,letter--st--saint--dr--church--life--war--article--constitution--parish,0.608536932
189,teacher--education--college--latin--greek--officer--club--teach--school--revival,0.554010799
190,indiana--slavery--tale--buffalo--sugar--vermont--farmer--northwest--precipitation--rainfall,0.754523979
191,empress--emperor--bank--currency--imperial--tuskegee--dowager--chemistry--universe--court,0.607287544
192,history--dr--volume--poet--work--prof--state--edition--life--poetry,0.443103248
193,mexico--brown--mexican--parliament--salon--thompson--voyage--city--thing--texas,0.592690215
194,courtship--widow--testament--story--tariff--dollar--charter--california--luck--protection,0.639078929
195,history--dr--volume--poet--work--prof--state--edition--life--poetry,0.746303051
196,ship--crow--caretaker--nightingale--countess--glass--physical--miniature--salisbury--medical,0.781284093
197,moran--ipswich--regulator--tree--north--newman--inn--limb--family--movement,0.786451604
198,dutch--pirate--colonial--story--dependency--tropical--marquis--holland--bourbon--cobalt,0.676665916
199,orchid--shrub--scab--tree--garden--villa--picture--yacht--text--picker,0.67944209
200,yacht--island--young--lotto--utopia--friend--soto--dolor--story--bahama,0.664784403
201,history--dr--volume--poet--work--prof--state--edition--life--poetry,0.749797892
202,ireland--party--rodin--catalina--irish--parliament--wale--head--cupid--abolitionist,0.663089005
203,concert--ab--monetary--cave--musical--progress--fallacy--coin--islam--hagar,0.566169982
204,letter--st--saint--dr--church--life--war--article--constitution--parish,0.801446766
205,thy--hewlett--polo--irish--italy--isidro--review--jacobite--meter--fool,0.515469814
206,shakespeare--river--regiment--poe--confederate--alabama--satire--ohio--anthology--map,0.647019796
207,ye--mendelssohn--hauptmann--personality--candidate--violin--grayson--speller--revolutionist--maeterlinck,0.60679918
208,history--dr--volume--poet--work--prof--state--edition--life--poetry,0.766490613
209,hawker--thackeray--story--promoter--hound--marquise--xix--legend--newman--paper,0.435967337
210,empress--emperor--bank--currency--imperial--tuskegee--dowager--chemistry--universe--court,0.674481613
211,japanese--war--russian--negro--russia--japan--sea--story--czar--battle,0.787228636
212,constitution--pilgrim--couch--flexible--holland--gondola--protestantism--petticoat--character--policeman,0.766022818
213,ship--crow--caretaker--nightingale--countess--glass--physical--miniature--salisbury--medical,0.548357234
214,japanese--war--russian--negro--russia--japan--sea--story--czar--battle,0.790957947
215,yacht--island--young--lotto--utopia--friend--soto--dolor--story--bahama,0.781667956
216,southern--macdonald--jungle--standish--breton--room--england--ball--scene--lyman,0.759230658
217,ship--crow--caretaker--nightingale--countess--glass--physical--miniature--salisbury--medical,0.47395867
218,yacht--island--young--lotto--utopia--friend--soto--dolor--story--bahama,0.58546021
219,moran--ipswich--regulator--tree--north--newman--inn--limb--family--movement,0.773812911
220,book--plant--plate--stevenson--auction--hawaiian--canal--child--burr--venice,0.674203711
221,japanese--war--russian--negro--russia--japan--sea--story--czar--battle,0.769392055
222,letter--st--saint--dr--church--life--war--article--constitution--parish,0.399720945
223,history--dr--volume--poet--work--prof--state--edition--life--poetry,0.800499264
224,constantino--trinity--employment--dugald--tibet--puritan--anger--romance--evil--beach,0.60022975
225,book--plant--plate--stevenson--auction--hawaiian--canal--child--burr--venice,0.609746894
226,history--dr--volume--poet--work--prof--state--edition--life--poetry,0.438027516
227,mister--puritanism--kropotkin--dolomite--lang--gun--titan--country--journalism--travel,0.461152062
228,japanese--war--russian--negro--russia--japan--sea--story--czar--battle,0.737185634
229,rhyme--tennis--bronte--tower--telegram--volcano--rhymer--tibetan--short--tall,0.551028904
230,letter--st--saint--dr--church--life--war--article--constitution--parish,0.799416184
231,courtship--widow--testament--story--tariff--dollar--charter--california--luck--protection,0.78360239
232,history--dr--volume--poet--work--prof--state--edition--life--poetry,0.758391498
233,street--edinburgh--arabic--free--hyde--hawthorne--game--colonel--problem--lodestar,0.770794423
234,mister--puritanism--kropotkin--dolomite--lang--gun--titan--country--journalism--travel,0.756476132
235,ireland--party--rodin--catalina--irish--parliament--wale--head--cupid--abolitionist,0.763771944
236,antarctic--mission--ice--forestry--china--rat--polar--winter--mile--probationer,0.77451899
237,japanese--war--russian--negro--russia--japan--sea--story--czar--battle,0.780234964
238,letter--st--saint--dr--church--life--war--article--constitution--parish,0.727997373
239,browne--preach--insurance--messenger--theory--rev--memory--child--shore--horse,0.789238146
240,courtship--widow--testament--story--tariff--dollar--charter--california--luck--protection,0.518662105
241,thy--hewlett--polo--irish--italy--isidro--review--jacobite--meter--fool,0.697857688
242,southern--macdonald--jungle--standish--breton--room--england--ball--scene--lyman,0.665597544
243,garden--artist--congo--cather--curly--amish--queer--story--detective--arizona,0.650115687
244,bacon--balloon--anarchist--soil--ghost--howell--charter--airship--sociology--mad,0.737086946
245,motor--car--proverb--india--trust--tree--tea--inflorescence--cent--sign,0.615308325
246,indiana--slavery--tale--buffalo--sugar--vermont--farmer--northwest--precipitation--rainfall,0.785633648
247,japanese--war--russian--negro--russia--japan--sea--story--czar--battle,0.717507148
248,animal--iowa--worry--revenge--firm--seton--pigeon--territory--ghastly--delicate,0.670447441
249,japanese--war--russian--negro--russia--japan--sea--story--czar--battle,0.749458434
250,japanese--war--russian--negro--russia--japan--sea--story--czar--battle,0.800253137
251,concert--ab--monetary--cave--musical--progress--fallacy--coin--islam--hagar,0.506929164
252,gaunt--pilgrimage--brush--saga--canterbury--hakluyt--hat--library--attachment--happiness,0.433085032
253,shakespeare--river--regiment--poe--confederate--alabama--satire--ohio--anthology--map,0.773406053
254,letter--st--saint--dr--church--life--war--article--constitution--parish,0.814625752
255,jamaica--myth--cross--lodge--harding--novel--loomis--boston--medal--ball,0.768192698
256,history--dr--volume--poet--work--prof--state--edition--life--poetry,0.738948788
257,mexico--brown--mexican--parliament--salon--thompson--voyage--city--thing--texas,0.620723871
258,ireland--party--rodin--catalina--irish--parliament--wale--head--cupid--abolitionist,0.648704454
259,orchid--shrub--scab--tree--garden--villa--picture--yacht--text--picker,0.608966817
260,empress--emperor--bank--currency--imperial--tuskegee--dowager--chemistry--universe--court,0.787491095
261,jamaica--myth--cross--lodge--harding--novel--loomis--boston--medal--ball,0.576277468
262,japanese--war--russian--negro--russia--japan--sea--story--czar--battle,0.683670747
263,mexico--brown--mexican--parliament--salon--thompson--voyage--city--thing--texas,0.606820514
264,watt--oregon--game--claim--indian--goodwin--tuscany--sawdust--alaska--road,0.492300432
265,advertise--story--hawthorne--romance--shop--dryad--col--canadian--williamson--tide,0.458307367
266,watt--oregon--game--claim--indian--goodwin--tuscany--sawdust--alaska--road,0.602615241
267,history--dr--volume--poet--work--prof--state--edition--life--poetry,0.796178714
268,antarctic--mission--ice--forestry--china--rat--polar--winter--mile--probationer,0.748915862
269,history--dr--volume--poet--work--prof--state--edition--life--poetry,0.777565936
270,mexico--brown--mexican--parliament--salon--thompson--voyage--city--thing--texas,0.765385779
271,book--plant--plate--stevenson--auction--hawaiian--canal--child--burr--venice,0.797316108
272,concert--ab--monetary--cave--musical--progress--fallacy--coin--islam--hagar,0.78524425
273,book--plant--plate--stevenson--auction--hawaiian--canal--child--burr--venice,0.628089725
274,shakespeare--river--regiment--poe--confederate--alabama--satire--ohio--anthology--map,0.477345813
275,irish--crockett--maid--sir--waif--galloway--garden--vidal--story--church,0.570561707
276,letter--st--saint--dr--church--life--war--article--constitution--parish,0.631826456
277,yacht--island--young--lotto--utopia--friend--soto--dolor--story--bahama,0.795551619
278,japanese--war--russian--negro--russia--japan--sea--story--czar--battle,0.675780753
279,yacht--island--young--lotto--utopia--friend--soto--dolor--story--bahama,0.591830147
280,japanese--war--russian--negro--russia--japan--sea--story--czar--battle,0.6301648
281,irish--crockett--maid--sir--waif--galloway--garden--vidal--story--church,0.614637578
282,history--dr--volume--poet--work--prof--state--edition--life--poetry,0.532242201
283,ireland--irish--law--god--international--state--novel--millionaire--widow--unite,0.501867342
284,empress--emperor--bank--currency--imperial--tuskegee--dowager--chemistry--universe--court,0.670955505
285,antarctic--mission--ice--forestry--china--rat--polar--winter--mile--probationer,0.656229616
286,ship--crow--caretaker--nightingale--countess--glass--physical--miniature--salisbury--medical,0.755837655
287,yacht--island--young--lotto--utopia--friend--soto--dolor--story--bahama,0.797204304
288,courtship--widow--testament--story--tariff--dollar--charter--california--luck--protection,0.780155677
289,moran--ipswich--regulator--tree--north--newman--inn--limb--family--movement,0.496750465
290,shakespeare--river--regiment--poe--confederate--alabama--satire--ohio--anthology--map,0.408488573
291,book--plant--plate--stevenson--auction--hawaiian--canal--child--burr--venice,0.459250515
292,advertise--story--hawthorne--romance--shop--dryad--col--canadian--williamson--tide,0.61230844
293,moran--ipswich--regulator--tree--north--newman--inn--limb--family--movement,0.619214278
294,teacher--education--college--latin--greek--officer--club--teach--school--revival,0.646588415
295,teacher--education--college--latin--greek--officer--club--teach--school--revival,0.520250752
296,blind--potemkin--clock--advice--golf--sight--golfer--opossum--wilderness--actress,0.746959433
297,antarctic--mission--ice--forestry--china--rat--polar--winter--mile--probationer,0.365216596
298,dutch--pirate--colonial--story--dependency--tropical--marquis--holland--bourbon--cobalt,0.763215542
299,book--plant--plate--stevenson--auction--hawaiian--canal--child--burr--venice,0.642387196
300,shakespeare--river--regiment--poe--confederate--alabama--satire--ohio--anthology--map,0.569196599
301,holland--journey--emigrant--slum--oregon--family--hoe--unappreciated--respectability--markham,0.632069921
302,shakespeare--river--regiment--poe--confederate--alabama--satire--ohio--anthology--map,0.654754181
303,ireland--irish--law--god--international--state--novel--millionaire--widow--unite,0.780930157
304,violin--lonely--varnish--setter--hutton--curate--chemise--maker--dog--strangely,0.767235034
305,book--plant--plate--stevenson--auction--hawaiian--canal--child--burr--venice,0.76300227
306,japanese--war--russian--negro--russia--japan--sea--story--czar--battle,0.635251809
307,ye--mendelssohn--hauptmann--personality--candidate--violin--grayson--speller--revolutionist--maeterlinck,0.783035762
308,history--dr--volume--poet--work--prof--state--edition--life--poetry,0.795161242
309,shakespeare--river--regiment--poe--confederate--alabama--satire--ohio--anthology--map,0.754433543
310,teacher--education--college--latin--greek--officer--club--teach--school--revival,0.76536777
311,gaunt--pilgrimage--brush--saga--canterbury--hakluyt--hat--library--attachment--happiness,0.773223235
312,teacher--education--college--latin--greek--officer--club--teach--school--revival,0.779663687
313,letter--st--saint--dr--church--life--war--article--constitution--parish,0.601699435
314,browne--preach--insurance--messenger--theory--rev--memory--child--shore--horse,0.613624044
315,ireland--irish--law--god--international--state--novel--millionaire--widow--unite,0.578077772
316,yacht--island--young--lotto--utopia--friend--soto--dolor--story--bahama,0.634840335
317,thy--hewlett--polo--irish--italy--isidro--review--jacobite--meter--fool,0.790459417
318,browne--preach--insurance--messenger--theory--rev--memory--child--shore--horse,0.793373537
319,advertise--story--hawthorne--romance--shop--dryad--col--canadian--williamson--tide,0.639633814
320,jamaica--myth--cross--lodge--harding--novel--loomis--boston--medal--ball,0.702586627
321,history--dr--volume--poet--work--prof--state--edition--life--poetry,0.749893031
322,browne--preach--insurance--messenger--theory--rev--memory--child--shore--horse,0.591603083
323,book--plant--plate--stevenson--auction--hawaiian--canal--child--burr--venice,0.572831177
324,antarctic--mission--ice--forestry--china--rat--polar--winter--mile--probationer,0.795189609
325,thy--hewlett--polo--irish--italy--isidro--review--jacobite--meter--fool,0.421476239
326,rhyme--tennis--bronte--tower--telegram--volcano--rhymer--tibetan--short--tall,0.760909913
327,card--reverend--young--strategy--mare--foley--delegate--memoir--los--walk,0.667052123
328,shakespeare--river--regiment--poe--confederate--alabama--satire--ohio--anthology--map,0.772656203
329,indiana--slavery--tale--buffalo--sugar--vermont--farmer--northwest--precipitation--rainfall,0.796716763
330,history--dr--volume--poet--work--prof--state--edition--life--poetry,0.788276911
331,cook--balkan--pink--provence--turkish--shave--beautiful--deposit--bank--barrow,0.722142713
332,ship--crow--caretaker--nightingale--countess--glass--physical--miniature--salisbury--medical,0.396268142
333,irish--crockett--maid--sir--waif--galloway--garden--vidal--story--church,0.416642744
334,shakespeare--river--regiment--poe--confederate--alabama--satire--ohio--anthology--map,0.669317921
335,shakespeare--river--regiment--poe--confederate--alabama--satire--ohio--anthology--map,0.648965081
336,indiana--slavery--tale--buffalo--sugar--vermont--farmer--northwest--precipitation--rainfall,0.492775767
337,letter--st--saint--dr--church--life--war--article--constitution--parish,0.696555288
338,dutch--pirate--colonial--story--dependency--tropical--marquis--holland--bourbon--cobalt,0.783526237
339,advertise--story--hawthorne--romance--shop--dryad--col--canadian--williamson--tide,0.639577085
340,exchange--bush--kentucky--atkinson--toll--zealand--stock--power--ky--jail,0.578211018
341,irish--crockett--maid--sir--waif--galloway--garden--vidal--story--church,0.559342011
342,shakespeare--river--regiment--poe--confederate--alabama--satire--ohio--anthology--map,0.583497257
343,jamaica--myth--cross--lodge--harding--novel--loomis--boston--medal--ball,0.693690211
344,automobile--firth--journal--tipple--philadelphia--runner--methodism--bristol--derbyshire--seat,0.492742055
345,orchid--shrub--scab--tree--garden--villa--picture--yacht--text--picker,0.536677094
346,ireland--irish--law--god--international--state--novel--millionaire--widow--unite,0.658147869
347,cook--balkan--pink--provence--turkish--shave--beautiful--deposit--bank--barrow,0.791810348
348,irish--crockett--maid--sir--waif--galloway--garden--vidal--story--church,0.561435296
349,mexico--brown--mexican--parliament--salon--thompson--voyage--city--thing--texas,0.70185952
350,ireland--irish--law--god--international--state--novel--millionaire--widow--unite,0.655807738
351,indiana--slavery--tale--buffalo--sugar--vermont--farmer--northwest--precipitation--rainfall,0.814625943
352,irish--crockett--maid--sir--waif--galloway--garden--vidal--story--church,0.757929453
353,orchid--shrub--scab--tree--garden--villa--picture--yacht--text--picker,0.774735758
354,blind--potemkin--clock--advice--golf--sight--golfer--opossum--wilderness--actress,0.789932619
355,mister--puritanism--kropotkin--dolomite--lang--gun--titan--country--journalism--travel,0.599402812
356,radium--quiet--impulse--old--radical--breathe--sweet--terrific--home--ship,0.800196292
357,empress--emperor--bank--currency--imperial--tuskegee--dowager--chemistry--universe--court,0.493092916
358,japanese--war--russian--negro--russia--japan--sea--story--czar--battle,0.6541247
359,mexico--brown--mexican--parliament--salon--thompson--voyage--city--thing--texas,0.725677287
360,browne--preach--insurance--messenger--theory--rev--memory--child--shore--horse,0.488051855
361,teacher--education--college--latin--greek--officer--club--teach--school--revival,0.61312394
362,street--edinburgh--arabic--free--hyde--hawthorne--game--colonel--problem--lodestar,0.751067312
363,card--reverend--young--strategy--mare--foley--delegate--memoir--los--walk,0.775167546
364,pelham--haiti--claver--apologist--frenchman--dignity--attention--face--equal--blood,0.659346776
365,jamaica--myth--cross--lodge--harding--novel--loomis--boston--medal--ball,0.630403327
366,ship--crow--caretaker--nightingale--countess--glass--physical--miniature--salisbury--medical,0.472260779
367,letter--st--saint--dr--church--life--war--article--constitution--parish,0.78941529
368,southern--macdonald--jungle--standish--breton--room--england--ball--scene--lyman,0.806437711
369,irish--crockett--maid--sir--waif--galloway--garden--vidal--story--church,0.783688705
370,radium--quiet--impulse--old--radical--breathe--sweet--terrific--home--ship,0.509016701
371,southern--macdonald--jungle--standish--breton--room--england--ball--scene--lyman,0.797376152
372,hawker--thackeray--story--promoter--hound--marquise--xix--legend--newman--paper,0.778663676
373,southern--macdonald--jungle--standish--breton--room--england--ball--scene--lyman,0.781467178
374,courtship--widow--testament--story--tariff--dollar--charter--california--luck--protection,0.528396764
375,history--dr--volume--poet--work--prof--state--edition--life--poetry,0.747872547
376,teacher--education--college--latin--greek--officer--club--teach--school--revival,0.750167992
377,ireland--party--rodin--catalina--irish--parliament--wale--head--cupid--abolitionist,0.790434346
378,copyright--royalist--caricature--decision--real--paris--brown--juvenile--xviii--jacobin,0.773146682
379,history--dr--volume--poet--work--prof--state--edition--life--poetry,0.413331382
380,advertise--story--hawthorne--romance--shop--dryad--col--canadian--williamson--tide,0.480653304
381,hawker--thackeray--story--promoter--hound--marquise--xix--legend--newman--paper,0.628497117
382,ship--crow--caretaker--nightingale--countess--glass--physical--miniature--salisbury--medical,0.617531933
383,shakespeare--river--regiment--poe--confederate--alabama--satire--ohio--anthology--map,0.625799827
384,motor--car--proverb--india--trust--tree--tea--inflorescence--cent--sign,0.782839646
385,card--reverend--young--strategy--mare--foley--delegate--memoir--los--walk,0.616308923
386,copyright--royalist--caricature--decision--real--paris--brown--juvenile--xviii--jacobin,0.63407401
387,jamaica--myth--cross--lodge--harding--novel--loomis--boston--medal--ball,0.796923345
388,gaunt--pilgrimage--brush--saga--canterbury--hakluyt--hat--library--attachment--happiness,0.658741257
389,antarctic--mission--ice--forestry--china--rat--polar--winter--mile--probationer,0.539105725
390,card--reverend--young--strategy--mare--foley--delegate--memoir--los--walk,0.669356606
391,ireland--party--rodin--catalina--irish--parliament--wale--head--cupid--abolitionist,0.644635987
392,jamaica--myth--cross--lodge--harding--novel--loomis--boston--medal--ball,0.590134859
393,bacon--balloon--anarchist--soil--ghost--howell--charter--airship--sociology--mad,0.675806325
394,japanese--war--russian--negro--russia--japan--sea--story--czar--battle,0.766233498
395,garden--artist--congo--cather--curly--amish--queer--story--detective--arizona,0.747173352
396,book--plant--plate--stevenson--auction--hawaiian--canal--child--burr--venice,0.67074155
397,ireland--irish--law--god--international--state--novel--millionaire--widow--unite,0.636602166
398,japanese--war--russian--negro--russia--japan--sea--story--czar--battle,0.756305048
399,japanese--war--russian--negro--russia--japan--sea--story--czar--battle,0.57464157
400,animal--iowa--worry--revenge--firm--seton--pigeon--territory--ghastly--delicate,0.589384049
401,huguenot--montaigne--gracchus--dyke--court--wise--detective--tiberius--decision--old,0.571481519
402,browne--preach--insurance--messenger--theory--rev--memory--child--shore--horse,0.786023072
403,huguenot--montaigne--gracchus--dyke--court--wise--detective--tiberius--decision--old,0.79025355
404,ireland--irish--law--god--international--state--novel--millionaire--widow--unite,0.440471107
405,history--dr--volume--poet--work--prof--state--edition--life--poetry,0.752593181
406,history--dr--volume--poet--work--prof--state--edition--life--poetry,0.77289525
407,advertise--story--hawthorne--romance--shop--dryad--col--canadian--williamson--tide,0.720422202
408,garden--artist--congo--cather--curly--amish--queer--story--detective--arizona,0.803625303
409,ship--crow--caretaker--nightingale--countess--glass--physical--miniature--salisbury--medical,0.532127577
410,jamaica--myth--cross--lodge--harding--novel--loomis--boston--medal--ball,0.775890557
411,motor--car--proverb--india--trust--tree--tea--inflorescence--cent--sign,0.615903042
412,japanese--war--russian--negro--russia--japan--sea--story--czar--battle,0.742597149
413,irish--crockett--maid--sir--waif--galloway--garden--vidal--story--church,0.782838693
414,letter--st--saint--dr--church--life--war--article--constitution--parish,0.756844516
415,yacht--island--young--lotto--utopia--friend--soto--dolor--story--bahama,0.787463505
416,radium--quiet--impulse--old--radical--breathe--sweet--terrific--home--ship,0.516709078
417,jamaica--myth--cross--lodge--harding--novel--loomis--boston--medal--ball,0.788737619
418,teacher--education--college--latin--greek--officer--club--teach--school--revival,0.764611371
419,yacht--island--young--lotto--utopia--friend--soto--dolor--story--bahama,0.486794754
420,letter--st--saint--dr--church--life--war--article--constitution--parish,0.52686112
421,japanese--war--russian--negro--russia--japan--sea--story--czar--battle,0.645205081
422,jamaica--myth--cross--lodge--harding--novel--loomis--boston--medal--ball,0.490119315
423,mister--puritanism--kropotkin--dolomite--lang--gun--titan--country--journalism--travel,0.311232362
424,garden--artist--congo--cather--curly--amish--queer--story--detective--arizona,0.636533808
425,japanese--war--russian--negro--russia--japan--sea--story--czar--battle,0.527243344
426,thy--hewlett--polo--irish--italy--isidro--review--jacobite--meter--fool,0.77610112
427,mexico--brown--mexican--parliament--salon--thompson--voyage--city--thing--texas,0.403119517
428,browne--preach--insurance--messenger--theory--rev--memory--child--shore--horse,0.300744627
429,letter--st--saint--dr--church--life--war--article--constitution--parish,0.697611638
430,watt--oregon--game--claim--indian--goodwin--tuscany--sawdust--alaska--road,0.789214797
431,indiana--slavery--tale--buffalo--sugar--vermont--farmer--northwest--precipitation--rainfall,0.546559653
432,yacht--island--young--lotto--utopia--friend--soto--dolor--story--bahama,0.512213276
433,ye--mendelssohn--hauptmann--personality--candidate--violin--grayson--speller--revolutionist--maeterlinck,0.764750076
434,mexico--brown--mexican--parliament--salon--thompson--voyage--city--thing--texas,0.713032943
435,hawker--thackeray--story--promoter--hound--marquise--xix--legend--newman--paper,0.760145597
436,exchange--bush--kentucky--atkinson--toll--zealand--stock--power--ky--jail,0.482050522
437,mecca--road--pilgrim--muslim--bias--bandit--pilgrimage--farm--stone--marquez,0.603716702
438,history--dr--volume--poet--work--prof--state--edition--life--poetry,0.785660276
439,shakespeare--river--regiment--poe--confederate--alabama--satire--ohio--anthology--map,0.470613416
440,teacher--education--college--latin--greek--officer--club--teach--school--revival,0.796709434
441,teacher--education--college--latin--greek--officer--club--teach--school--revival,0.776601731
442,letter--st--saint--dr--church--life--war--article--constitution--parish,0.645814671
443,history--dr--volume--poet--work--prof--state--edition--life--poetry,0.756295656
444,gaunt--pilgrimage--brush--saga--canterbury--hakluyt--hat--library--attachment--happiness,0.537221584
445,ireland--party--rodin--catalina--irish--parliament--wale--head--cupid--abolitionist,0.587035358
446,letter--st--saint--dr--church--life--war--article--constitution--parish,0.789915509
447,letter--st--saint--dr--church--life--war--article--constitution--parish,0.615415364
448,shakespeare--river--regiment--poe--confederate--alabama--satire--ohio--anthology--map,0.530384118
449,letter--st--saint--dr--church--life--war--article--constitution--parish,0.49951324
450,empress--emperor--bank--currency--imperial--tuskegee--dowager--chemistry--universe--court,0.598902301
451,ireland--irish--law--god--international--state--novel--millionaire--widow--unite,0.763005566
452,ship--crow--caretaker--nightingale--countess--glass--physical--miniature--salisbury--medical,0.75221809
453,constantino--trinity--employment--dugald--tibet--puritan--anger--romance--evil--beach,0.759141733
454,jamaica--myth--cross--lodge--harding--novel--loomis--boston--medal--ball,0.585263634
455,ship--crow--caretaker--nightingale--countess--glass--physical--miniature--salisbury--medical,0.673194601
456,history--dr--volume--poet--work--prof--state--edition--life--poetry,0.781740397
457,ye--mendelssohn--hauptmann--personality--candidate--violin--grayson--speller--revolutionist--maeterlinck,0.762298955
458,letter--st--saint--dr--church--life--war--article--constitution--parish,0.744343093
459,ireland--party--rodin--catalina--irish--parliament--wale--head--cupid--abolitionist,0.785646842
460,bacon--balloon--anarchist--soil--ghost--howell--charter--airship--sociology--mad,0.423728959
461,orchid--shrub--scab--tree--garden--villa--picture--yacht--text--picker,0.653527818
462,thy--hewlett--polo--irish--italy--isidro--review--jacobite--meter--fool,0.466217906
463,ireland--irish--law--god--international--state--novel--millionaire--widow--unite,0.691684948
464,animal--iowa--worry--revenge--firm--seton--pigeon--territory--ghastly--delicate,0.639641994
465,mexico--brown--mexican--parliament--salon--thompson--voyage--city--thing--texas,0.500760668
466,bacon--balloon--anarchist--soil--ghost--howell--charter--airship--sociology--mad,0.647379097
467,huguenot--montaigne--gracchus--dyke--court--wise--detective--tiberius--decision--old,0.741373452
468,book--plant--plate--stevenson--auction--hawaiian--canal--child--burr--venice,0.777639186
469,browne--preach--insurance--messenger--theory--rev--memory--child--shore--horse,0.553627237
470,history--dr--volume--poet--work--prof--state--edition--life--poetry,0.452268146
471,southern--macdonald--jungle--standish--breton--room--england--ball--scene--lyman,0.611292047
472,letter--st--saint--dr--church--life--war--article--constitution--parish,0.773124039
473,mexico--brown--mexican--parliament--salon--thompson--voyage--city--thing--texas,0.472675658
474,orchid--shrub--scab--tree--garden--villa--picture--yacht--text--picker,0.50512869
475,thy--hewlett--polo--irish--italy--isidro--review--jacobite--meter--fool,0.47763028
476,garden--artist--congo--cather--curly--amish--queer--story--detective--arizona,0.464259389
477,copyright--royalist--caricature--decision--real--paris--brown--juvenile--xviii--jacobin,0.553520699
478,ship--crow--caretaker--nightingale--countess--glass--physical--miniature--salisbury--medical,0.581872374
479,empress--emperor--bank--currency--imperial--tuskegee--dowager--chemistry--universe--court,0.464814896
480,book--plant--plate--stevenson--auction--hawaiian--canal--child--burr--venice,0.775064431
481,constantino--trinity--employment--dugald--tibet--puritan--anger--romance--evil--beach,0.690607663
482,street--edinburgh--arabic--free--hyde--hawthorne--game--colonel--problem--lodestar,0.482076499
483,dutch--pirate--colonial--story--dependency--tropical--marquis--holland--bourbon--cobalt,0.462398941
484,indiana--slavery--tale--buffalo--sugar--vermont--farmer--northwest--precipitation--rainfall,0.763907549
485,thy--hewlett--polo--irish--italy--isidro--review--jacobite--meter--fool,0.627815329
486,browne--preach--insurance--messenger--theory--rev--memory--child--shore--horse,0.500339944
487,letter--st--saint--dr--church--life--war--article--constitution--parish,0.628001631
488,shakespeare--river--regiment--poe--confederate--alabama--satire--ohio--anthology--map,0.690915477
489,book--plant--plate--stevenson--auction--hawaiian--canal--child--burr--venice,0.463548848
490,violin--lonely--varnish--setter--hutton--curate--chemise--maker--dog--strangely,0.787892402
491,concert--ab--monetary--cave--musical--progress--fallacy--coin--islam--hagar,0.54553405
492,copyright--royalist--caricature--decision--real--paris--brown--juvenile--xviii--jacobin,0.720834761
493,rhyme--tennis--bronte--tower--telegram--volcano--rhymer--tibetan--short--tall,0.782533887
494,automobile--firth--journal--tipple--philadelphia--runner--methodism--bristol--derbyshire--seat,0.693477505
495,watt--oregon--game--claim--indian--goodwin--tuscany--sawdust--alaska--road,0.772506173
496,rhyme--tennis--bronte--tower--telegram--volcano--rhymer--tibetan--short--tall,0.585975635
497,jamaica--myth--cross--lodge--harding--novel--loomis--boston--medal--ball,0.39769553
498,history--dr--volume--poet--work--prof--state--edition--life--poetry,0.784847896
499,street--edinburgh--arabic--free--hyde--hawthorne--game--colonel--problem--lodestar,0.758433831
500,indiana--slavery--tale--buffalo--sugar--vermont--farmer--northwest--precipitation--rainfall,0.650079166
501,advertise--story--hawthorne--romance--shop--dryad--col--canadian--williamson--tide,0.761214263
502,japanese--war--russian--negro--russia--japan--sea--story--czar--battle,0.637736965
503,japanese--war--russian--negro--russia--japan--sea--story--czar--battle,0.801531369
504,japanese--war--russian--negro--russia--japan--sea--story--czar--battle,0.769522308
505,garden--artist--congo--cather--curly--amish--queer--story--detective--arizona,0.548067713
506,ireland--party--rodin--catalina--irish--parliament--wale--head--cupid--abolitionist,0.711282583
507,japanese--war--russian--negro--russia--japan--sea--story--czar--battle,0.568226346
508,japanese--war--russian--negro--russia--japan--sea--story--czar--battle,0.77367942
509,history--dr--volume--poet--work--prof--state--edition--life--poetry,0.393668701
510,teacher--education--college--latin--greek--officer--club--teach--school--revival,0.573915579
511,copyright--royalist--caricature--decision--real--paris--brown--juvenile--xviii--jacobin,0.778441468
512,japanese--war--russian--negro--russia--japan--sea--story--czar--battle,0.798330578
513,japanese--war--russian--negro--russia--japan--sea--story--czar--battle,0.773421088
514,history--dr--volume--poet--work--prof--state--edition--life--poetry,0.497180971
515,concert--ab--monetary--cave--musical--progress--fallacy--coin--islam--hagar,0.77010465
516,mexico--brown--mexican--parliament--salon--thompson--voyage--city--thing--texas,0.671583126
517,ireland--irish--law--god--international--state--novel--millionaire--widow--unite,0.79579776
518,japanese--war--russian--negro--russia--japan--sea--story--czar--battle,0.775223217
519,gaunt--pilgrimage--brush--saga--canterbury--hakluyt--hat--library--attachment--happiness,0.435785408
520,watt--oregon--game--claim--indian--goodwin--tuscany--sawdust--alaska--road,0.346961846
521,mexico--brown--mexican--parliament--salon--thompson--voyage--city--thing--texas,0.680143842
522,advertise--story--hawthorne--romance--shop--dryad--col--canadian--williamson--tide,0.665057489
523,history--dr--volume--poet--work--prof--state--edition--life--poetry,0.778686013
524,shakespeare--river--regiment--poe--confederate--alabama--satire--ohio--anthology--map,0.786752909
525,moran--ipswich--regulator--tree--north--newman--inn--limb--family--movement,0.70005075
526,japanese--war--russian--negro--russia--japan--sea--story--czar--battle,0.785122222
527,watt--oregon--game--claim--indian--goodwin--tuscany--sawdust--alaska--road,0.79322405
528,street--edinburgh--arabic--free--hyde--hawthorne--game--colonel--problem--lodestar,0.532548604
529,teacher--education--college--latin--greek--officer--club--teach--school--revival,0.615162679
530,browne--preach--insurance--messenger--theory--rev--memory--child--shore--horse,0.636253986
531,bacon--balloon--anarchist--soil--ghost--howell--charter--airship--sociology--mad,0.789716543
532,japanese--war--russian--negro--russia--japan--sea--story--czar--battle,0.790037289
533,history--dr--volume--poet--work--prof--state--edition--life--poetry,0.761519574
534,card--reverend--young--strategy--mare--foley--delegate--memoir--los--walk,0.384343267
535,pelham--haiti--claver--apologist--frenchman--dignity--attention--face--equal--blood,0.388830516
536,antarctic--mission--ice--forestry--china--rat--polar--winter--mile--probationer,0.407473887
537,book--plant--plate--stevenson--auction--hawaiian--canal--child--burr--venice,0.808465605
538,garden--artist--congo--cather--curly--amish--queer--story--detective--arizona,0.792835773
539,moran--ipswich--regulator--tree--north--newman--inn--limb--family--movement,0.402678601
540,garden--artist--congo--cather--curly--amish--queer--story--detective--arizona,0.795084414
541,history--dr--volume--poet--work--prof--state--edition--life--poetry,0.788465171
542,history--dr--volume--poet--work--prof--state--edition--life--poetry,0.764507658
543,advertise--story--hawthorne--romance--shop--dryad--col--canadian--williamson--tide,0.639668979
544,bacon--balloon--anarchist--soil--ghost--howell--charter--airship--sociology--mad,0.792066623
545,letter--st--saint--dr--church--life--war--article--constitution--parish,0.792179328
546,yacht--island--young--lotto--utopia--friend--soto--dolor--story--bahama,0.660042793
547,constantino--trinity--employment--dugald--tibet--puritan--anger--romance--evil--beach,0.576744663
548,shakespeare--river--regiment--poe--confederate--alabama--satire--ohio--anthology--map,0.457197821
549,japanese--war--russian--negro--russia--japan--sea--story--czar--battle,0.421412556
550,moran--ipswich--regulator--tree--north--newman--inn--limb--family--movement,0.793679627
551,japanese--war--russian--negro--russia--japan--sea--story--czar--battle,0.773843042
552,japanese--war--russian--negro--russia--japan--sea--story--czar--battle,0.682140767
553,animal--iowa--worry--revenge--firm--seton--pigeon--territory--ghastly--delicate,0.579810076
554,japanese--war--russian--negro--russia--japan--sea--story--czar--battle,0.403624456
555,japanese--war--russian--negro--russia--japan--sea--story--czar--battle,0.764330898
556,japanese--war--russian--negro--russia--japan--sea--story--czar--battle,0.768950813
557,constitution--pilgrim--couch--flexible--holland--gondola--protestantism--petticoat--character--policeman,0.648599224
558,history--dr--volume--poet--work--prof--state--edition--life--poetry,0.429008308
559,hawker--thackeray--story--promoter--hound--marquise--xix--legend--newman--paper,0.793178273
560,irish--crockett--maid--sir--waif--galloway--garden--vidal--story--church,0.788223572
561,advertise--story--hawthorne--romance--shop--dryad--col--canadian--williamson--tide,0.801499276
562,teacher--education--college--latin--greek--officer--club--teach--school--revival,0.781089127
563,violin--lonely--varnish--setter--hutton--curate--chemise--maker--dog--strangely,0.795755261
564,gaunt--pilgrimage--brush--saga--canterbury--hakluyt--hat--library--attachment--happiness,0.632511849
565,letter--st--saint--dr--church--life--war--article--constitution--parish,0.525170947
566,shakespeare--river--regiment--poe--confederate--alabama--satire--ohio--anthology--map,0.739843684
567,bacon--balloon--anarchist--soil--ghost--howell--charter--airship--sociology--mad,0.547688923
568,ireland--irish--law--god--international--state--novel--millionaire--widow--unite,0.501711727
569,constantino--trinity--employment--dugald--tibet--puritan--anger--romance--evil--beach,0.568113257
570,japanese--war--russian--negro--russia--japan--sea--story--czar--battle,0.663649718
571,letter--st--saint--dr--church--life--war--article--constitution--parish,0.65265646
572,history--dr--volume--poet--work--prof--state--edition--life--poetry,0.708438187
573,motor--car--proverb--india--trust--tree--tea--inflorescence--cent--sign,0.779578744
574,watt--oregon--game--claim--indian--goodwin--tuscany--sawdust--alaska--road,0.760024465
575,concert--ab--monetary--cave--musical--progress--fallacy--coin--islam--hagar,0.602553716
576,japanese--war--russian--negro--russia--japan--sea--story--czar--battle,0.635916272
577,watt--oregon--game--claim--indian--goodwin--tuscany--sawdust--alaska--road,0.791976998
578,blind--potemkin--clock--advice--golf--sight--golfer--opossum--wilderness--actress,0.558111186
579,ireland--irish--law--god--international--state--novel--millionaire--widow--unite,0.579427315
580,history--dr--volume--poet--work--prof--state--edition--life--poetry,0.740337926
581,teacher--education--college--latin--greek--officer--club--teach--school--revival,0.704196523
582,southern--macdonald--jungle--standish--breton--room--england--ball--scene--lyman,0.490453277
583,mexico--brown--mexican--parliament--salon--thompson--voyage--city--thing--texas,0.570020716
584,history--dr--volume--poet--work--prof--state--edition--life--poetry,0.783998357
585,moran--ipswich--regulator--tree--north--newman--inn--limb--family--movement,0.629124701
586,violin--lonely--varnish--setter--hutton--curate--chemise--maker--dog--strangely,0.704192986
587,history--dr--volume--poet--work--prof--state--edition--life--poetry,0.748860149
588,violin--lonely--varnish--setter--hutton--curate--chemise--maker--dog--strangely,0.50601676
589,history--dr--volume--poet--work--prof--state--edition--life--poetry,0.773734673
590,dutch--pirate--colonial--story--dependency--tropical--marquis--holland--bourbon--cobalt,0.803502513
591,history--dr--volume--poet--work--prof--state--edition--life--poetry,0.790199605
592,mister--puritanism--kropotkin--dolomite--lang--gun--titan--country--journalism--travel,0.516466213
593,courtship--widow--testament--story--tariff--dollar--charter--california--luck--protection,0.593930415
594,cook--balkan--pink--provence--turkish--shave--beautiful--deposit--bank--barrow,0.605282834
595,huguenot--montaigne--gracchus--dyke--court--wise--detective--tiberius--decision--old,0.505965417
596,constitution--pilgrim--couch--flexible--holland--gondola--protestantism--petticoat--character--policeman,0.556094162
597,mexico--brown--mexican--parliament--salon--thompson--voyage--city--thing--texas,0.423770339
598,teacher--education--college--latin--greek--officer--club--teach--school--revival,0.532181428
599,letter--st--saint--dr--church--life--war--article--constitution--parish,0.559008691
600,animal--iowa--worry--revenge--firm--seton--pigeon--territory--ghastly--delicate,0.776650151
601,history--dr--volume--poet--work--prof--state--edition--life--poetry,0.761559894
602,watt--oregon--game--claim--indian--goodwin--tuscany--sawdust--alaska--road,0.678479794
603,holland--journey--emigrant--slum--oregon--family--hoe--unappreciated--respectability--markham,0.780233779
604,motor--car--proverb--india--trust--tree--tea--inflorescence--cent--sign,0.769614089
605,japanese--war--russian--negro--russia--japan--sea--story--czar--battle,0.748377982
606,ship--crow--caretaker--nightingale--countess--glass--physical--miniature--salisbury--medical,0.539706733
607,animal--iowa--worry--revenge--firm--seton--pigeon--territory--ghastly--delicate,0.722839769
608,browne--preach--insurance--messenger--theory--rev--memory--child--shore--horse,0.777542539
609,rhyme--tennis--bronte--tower--telegram--volcano--rhymer--tibetan--short--tall,0.465816563
610,dutch--pirate--colonial--story--dependency--tropical--marquis--holland--bourbon--cobalt,0.742198572
611,letter--st--saint--dr--church--life--war--article--constitution--parish,0.789138669
612,advertise--story--hawthorne--romance--shop--dryad--col--canadian--williamson--tide,0.606584531
613,gaunt--pilgrimage--brush--saga--canterbury--hakluyt--hat--library--attachment--happiness,0.499923198
614,mexico--brown--mexican--parliament--salon--thompson--voyage--city--thing--texas,0.603326143
615,motor--car--proverb--india--trust--tree--tea--inflorescence--cent--sign,0.732653017
616,motor--car--proverb--india--trust--tree--tea--inflorescence--cent--sign,0.603051225
617,japanese--war--russian--negro--russia--japan--sea--story--czar--battle,0.77801633
618,teacher--education--college--latin--greek--officer--club--teach--school--revival,0.675597393
619,book--plant--plate--stevenson--auction--hawaiian--canal--child--burr--venice,0.782486465
620,shakespeare--river--regiment--poe--confederate--alabama--satire--ohio--anthology--map,0.651209491
621,japanese--war--russian--negro--russia--japan--sea--story--czar--battle,0.589331335
622,history--dr--volume--poet--work--prof--state--edition--life--poetry,0.351515902
623,huguenot--montaigne--gracchus--dyke--court--wise--detective--tiberius--decision--old,0.569520976
624,history--dr--volume--poet--work--prof--state--edition--life--poetry,0.700880601
625,antarctic--mission--ice--forestry--china--rat--polar--winter--mile--probationer,0.67368517
626,history--dr--volume--poet--work--prof--state--edition--life--poetry,0.399408312
627,history--dr--volume--poet--work--prof--state--edition--life--poetry,0.7547402
628,advertise--story--hawthorne--romance--shop--dryad--col--canadian--williamson--tide,0.538805637
629,shakespeare--river--regiment--poe--confederate--alabama--satire--ohio--anthology--map,0.543732948
630,history--dr--volume--poet--work--prof--state--edition--life--poetry,0.73779622
631,browne--preach--insurance--messenger--theory--rev--memory--child--shore--horse,0.493440967
632,constitution--pilgrim--couch--flexible--holland--gondola--protestantism--petticoat--character--policeman,0.4713534
633,blind--potemkin--clock--advice--golf--sight--golfer--opossum--wilderness--actress,0.774862229
634,watt--oregon--game--claim--indian--goodwin--tuscany--sawdust--alaska--road,0.664396002
635,ireland--irish--law--god--international--state--novel--millionaire--widow--unite,0.61029462
636,card--reverend--young--strategy--mare--foley--delegate--memoir--los--walk,0.61205769
637,ye--mendelssohn--hauptmann--personality--candidate--violin--grayson--speller--revolutionist--maeterlinck,0.628978534
638,card--reverend--young--strategy--mare--foley--delegate--memoir--los--walk,0.618434796
639,empress--emperor--bank--currency--imperial--tuskegee--dowager--chemistry--universe--court,0.602621617
640,huguenot--montaigne--gracchus--dyke--court--wise--detective--tiberius--decision--old,0.782259485
641,japanese--war--russian--negro--russia--japan--sea--story--czar--battle,0.723577468
642,book--plant--plate--stevenson--auction--hawaiian--canal--child--burr--venice,0.625458064
643,history--dr--volume--poet--work--prof--state--edition--life--poetry,0.760341946
644,japanese--war--russian--negro--russia--japan--sea--story--czar--battle,0.79914471
645,yacht--island--young--lotto--utopia--friend--soto--dolor--story--bahama,0.617765178
646,history--dr--volume--poet--work--prof--state--edition--life--poetry,0.389559288
647,ireland--irish--law--god--international--state--novel--millionaire--widow--unite,0.681828304
648,dutch--pirate--colonial--story--dependency--tropical--marquis--holland--bourbon--cobalt,0.526599075
649,watt--oregon--game--claim--indian--goodwin--tuscany--sawdust--alaska--road,0.751710947
650,japanese--war--russian--negro--russia--japan--sea--story--czar--battle,0.763610546
651,japanese--war--russian--negro--russia--japan--sea--story--czar--battle,0.767375095
652,mexico--brown--mexican--parliament--salon--thompson--voyage--city--thing--texas,0.633431509
653,ireland--irish--law--god--international--state--novel--millionaire--widow--unite,0.410979001
654,history--dr--volume--poet--work--prof--state--edition--life--poetry,0.521057129
655,japanese--war--russian--negro--russia--japan--sea--story--czar--battle,0.779211764
656,antarctic--mission--ice--forestry--china--rat--polar--winter--mile--probationer,0.615192592
657,history--dr--volume--poet--work--prof--state--edition--life--poetry,0.787861104
658,jamaica--myth--cross--lodge--harding--novel--loomis--boston--medal--ball,0.771392643
659,courtship--widow--testament--story--tariff--dollar--charter--california--luck--protection,0.788552052
660,letter--st--saint--dr--church--life--war--article--constitution--parish,0.454848906
661,ireland--irish--law--god--international--state--novel--millionaire--widow--unite,0.767222892
662,exchange--bush--kentucky--atkinson--toll--zealand--stock--power--ky--jail,0.596649617
663,history--dr--volume--poet--work--prof--state--edition--life--poetry,0.627140081
664,ireland--irish--law--god--international--state--novel--millionaire--widow--unite,0.728349074
665,huguenot--montaigne--gracchus--dyke--court--wise--detective--tiberius--decision--old,0.458939099
666,letter--st--saint--dr--church--life--war--article--constitution--parish,0.440408729
667,history--dr--volume--poet--work--prof--state--edition--life--poetry,0.749374494
668,ship--crow--caretaker--nightingale--countess--glass--physical--miniature--salisbury--medical,0.801790308
669,book--plant--plate--stevenson--auction--hawaiian--canal--child--burr--venice,0.762037863
670,history--dr--volume--poet--work--prof--state--edition--life--poetry,0.784078324
671,exchange--bush--kentucky--atkinson--toll--zealand--stock--power--ky--jail,0.758419911
672,history--dr--volume--poet--work--prof--state--edition--life--poetry,0.747287627
673,history--dr--volume--poet--work--prof--state--edition--life--poetry,0.431597025
674,ireland--party--rodin--catalina--irish--parliament--wale--head--cupid--abolitionist,0.34594652
675,history--dr--volume--poet--work--prof--state--edition--life--poetry,0.666996346
676,yacht--island--young--lotto--utopia--friend--soto--dolor--story--bahama,0.667144631
677,book--plant--plate--stevenson--auction--hawaiian--canal--child--burr--venice,0.798466152
678,letter--st--saint--dr--church--life--war--article--constitution--parish,0.692783496
679,letter--st--saint--dr--church--life--war--article--constitution--parish,0.662928092
680,mister--puritanism--kropotkin--dolomite--lang--gun--titan--country--journalism--travel,0.781800079
681,card--reverend--young--strategy--mare--foley--delegate--memoir--los--walk,0.677437989
682,letter--st--saint--dr--church--life--war--article--constitution--parish,0.583599738
683,constantino--trinity--employment--dugald--tibet--puritan--anger--romance--evil--beach,0.614541173
684,history--dr--volume--poet--work--prof--state--edition--life--poetry,0.760240129
685,garden--artist--congo--cather--curly--amish--queer--story--detective--arizona,0.727197718
686,ireland--party--rodin--catalina--irish--parliament--wale--head--cupid--abolitionist,0.622898254
687,hawker--thackeray--story--promoter--hound--marquise--xix--legend--newman--paper,0.777426474
688,history--dr--volume--poet--work--prof--state--edition--life--poetry,0.678908188
689,teacher--education--college--latin--greek--officer--club--teach--school--revival,0.414890355
690,letter--st--saint--dr--church--life--war--article--constitution--parish,0.673209473
691,empress--emperor--bank--currency--imperial--tuskegee--dowager--chemistry--universe--court,0.727267939
692,shakespeare--river--regiment--poe--confederate--alabama--satire--ohio--anthology--map,0.387132356
693,huguenot--montaigne--gracchus--dyke--court--wise--detective--tiberius--decision--old,0.782405779
694,ireland--party--rodin--catalina--irish--parliament--wale--head--cupid--abolitionist,0.643612451
695,ship--crow--caretaker--nightingale--countess--glass--physical--miniature--salisbury--medical,0.404090443
696,ireland--irish--law--god--international--state--novel--millionaire--widow--unite,0.566215451
697,history--dr--volume--poet--work--prof--state--edition--life--poetry,0.762912404
698,history--dr--volume--poet--work--prof--state--edition--life--poetry,0.776106706
699,huguenot--montaigne--gracchus--dyke--court--wise--detective--tiberius--decision--old,0.602759317
700,advertise--story--hawthorne--romance--shop--dryad--col--canadian--williamson--tide,0.778478506
701,book--plant--plate--stevenson--auction--hawaiian--canal--child--burr--venice,0.78077702
702,history--dr--volume--poet--work--prof--state--edition--life--poetry,0.742757558
703,garden--artist--congo--cather--curly--amish--queer--story--detective--arizona,0.773976665
704,teacher--education--college--latin--greek--officer--club--teach--school--revival,0.770373603
705,japanese--war--russian--negro--russia--japan--sea--story--czar--battle,0.799715376
706,cook--balkan--pink--provence--turkish--shave--beautiful--deposit--bank--barrow,0.778893685
707,ship--crow--caretaker--nightingale--countess--glass--physical--miniature--salisbury--medical,0.357534984
708,orchid--shrub--scab--tree--garden--villa--picture--yacht--text--picker,0.502042861
709,ship--crow--caretaker--nightingale--countess--glass--physical--miniature--salisbury--medical,0.615886005
710,book--plant--plate--stevenson--auction--hawaiian--canal--child--burr--venice,0.749316791
711,teacher--education--college--latin--greek--officer--club--teach--school--revival,0.71929437
712,card--reverend--young--strategy--mare--foley--delegate--memoir--los--walk,0.02
713,japanese--war--russian--negro--russia--japan--sea--story--czar--battle,0.762863254
714,southern--macdonald--jungle--standish--breton--room--england--ball--scene--lyman,0.790658379
715,gaunt--pilgrimage--brush--saga--canterbury--hakluyt--hat--library--attachment--happiness,0.750789918
716,history--dr--volume--poet--work--prof--state--edition--life--poetry,0.760060507
717,shakespeare--river--regiment--poe--confederate--alabama--satire--ohio--anthology--map,0.470143725
718,japanese--war--russian--negro--russia--japan--sea--story--czar--battle,0.760692344
719,advertise--story--hawthorne--romance--shop--dryad--col--canadian--williamson--tide,0.758151177
720,watt--oregon--game--claim--indian--goodwin--tuscany--sawdust--alaska--road,0.678869457
721,advertise--story--hawthorne--romance--shop--dryad--col--canadian--williamson--tide,0.484145378
722,irish--crockett--maid--sir--waif--galloway--garden--vidal--story--church,0.807219485
723,yacht--island--young--lotto--utopia--friend--soto--dolor--story--bahama,0.747616171
724,teacher--education--college--latin--greek--officer--club--teach--school--revival,0.585414376
725,ireland--irish--law--god--international--state--novel--millionaire--widow--unite,0.724976171
726,letter--st--saint--dr--church--life--war--article--constitution--parish,0.790197516
727,thy--hewlett--polo--irish--italy--isidro--review--jacobite--meter--fool,0.741513288
728,thy--hewlett--polo--irish--italy--isidro--review--jacobite--meter--fool,0.773103861
729,history--dr--volume--poet--work--prof--state--edition--life--poetry,0.744319513
730,japanese--war--russian--negro--russia--japan--sea--story--czar--battle,0.758459961
731,advertise--story--hawthorne--romance--shop--dryad--col--canadian--williamson--tide,0.753926445
732,history--dr--volume--poet--work--prof--state--edition--life--poetry,0.736734327
733,letter--st--saint--dr--church--life--war--article--constitution--parish,0.76861954
734,hawker--thackeray--story--promoter--hound--marquise--xix--legend--newman--paper,0.744081761
735,gaunt--pilgrimage--brush--saga--canterbury--hakluyt--hat--library--attachment--happiness,0.522524145
736,book--plant--plate--stevenson--auction--hawaiian--canal--child--burr--venice,0.751074056
737,irish--crockett--maid--sir--waif--galloway--garden--vidal--story--church,0.651088915
738,motor--car--proverb--india--trust--tree--tea--inflorescence--cent--sign,0.746828257
739,animal--iowa--worry--revenge--firm--seton--pigeon--territory--ghastly--delicate,0.598911527
740,jamaica--myth--cross--lodge--harding--novel--loomis--boston--medal--ball,0.601822188
741,garden--artist--congo--cather--curly--amish--queer--story--detective--arizona,0.676316611
742,irish--crockett--maid--sir--waif--galloway--garden--vidal--story--church,0.789412382
743,history--dr--volume--poet--work--prof--state--edition--life--poetry,0.447413465
744,holland--journey--emigrant--slum--oregon--family--hoe--unappreciated--respectability--markham,0.785338988
745,book--plant--plate--stevenson--auction--hawaiian--canal--child--burr--venice,0.699829205
746,letter--st--saint--dr--church--life--war--article--constitution--parish,0.787943679
747,hawker--thackeray--story--promoter--hound--marquise--xix--legend--newman--paper,0.797182786
748,irish--crockett--maid--sir--waif--galloway--garden--vidal--story--church,0.793027854
749,cook--balkan--pink--provence--turkish--shave--beautiful--deposit--bank--barrow,0.497985347
750,gaunt--pilgrimage--brush--saga--canterbury--hakluyt--hat--library--attachment--happiness,0.76025261
751,constantino--trinity--employment--dugald--tibet--puritan--anger--romance--evil--beach,0.64290366
752,letter--st--saint--dr--church--life--war--article--constitution--parish,0.798949256
753,watt--oregon--game--claim--indian--goodwin--tuscany--sawdust--alaska--road,0.530250517
754,japanese--war--russian--negro--russia--japan--sea--story--czar--battle,0.477724605
755,orchid--shrub--scab--tree--garden--villa--picture--yacht--text--picker,0.790738868
756,ireland--party--rodin--catalina--irish--parliament--wale--head--cupid--abolitionist,0.610532695
757,ye--mendelssohn--hauptmann--personality--candidate--violin--grayson--speller--revolutionist--maeterlinck,0.681111617
758,dutch--pirate--colonial--story--dependency--tropical--marquis--holland--bourbon--cobalt,0.768004557
759,jamaica--myth--cross--lodge--harding--novel--loomis--boston--medal--ball,0.806480136
760,thy--hewlett--polo--irish--italy--isidro--review--jacobite--meter--fool,0.635063289
761,japanese--war--russian--negro--russia--japan--sea--story--czar--battle,0.760785546
762,constantino--trinity--employment--dugald--tibet--puritan--anger--romance--evil--beach,0.49287474
763,courtship--widow--testament--story--tariff--dollar--charter--california--luck--protection,0.786308119
764,letter--st--saint--dr--church--life--war--article--constitution--parish,0.554429102
765,browne--preach--insurance--messenger--theory--rev--memory--child--shore--horse,0.513408012
766,gaunt--pilgrimage--brush--saga--canterbury--hakluyt--hat--library--attachment--happiness,0.770105667
767,garden--artist--congo--cather--curly--amish--queer--story--detective--arizona,0.791940237
768,letter--st--saint--dr--church--life--war--article--constitution--parish,0.783423097
769,courtship--widow--testament--story--tariff--dollar--charter--california--luck--protection,0.785115741
770,japanese--war--russian--negro--russia--japan--sea--story--czar--battle,0.754479391
771,japanese--war--russian--negro--russia--japan--sea--story--czar--battle,0.774485599
772,card--reverend--young--strategy--mare--foley--delegate--memoir--los--walk,0.789123021
773,japanese--war--russian--negro--russia--japan--sea--story--czar--battle,0.7709508
774,ireland--irish--law--god--international--state--novel--millionaire--widow--unite,0.74689606
775,huguenot--montaigne--gracchus--dyke--court--wise--detective--tiberius--decision--old,0.392145449
776,ireland--party--rodin--catalina--irish--parliament--wale--head--cupid--abolitionist,0.754241414
777,japanese--war--russian--negro--russia--japan--sea--story--czar--battle,0.785421318
778,book--plant--plate--stevenson--auction--hawaiian--canal--child--burr--venice,0.770442738
779,hawker--thackeray--story--promoter--hound--marquise--xix--legend--newman--paper,0.785083866
780,hawker--thackeray--story--promoter--hound--marquise--xix--legend--newman--paper,0.822215662
781,teacher--education--college--latin--greek--officer--club--teach--school--revival,0.776732429
782,antarctic--mission--ice--forestry--china--rat--polar--winter--mile--probationer,0.781249493
783,cook--balkan--pink--provence--turkish--shave--beautiful--deposit--bank--barrow,0.784006508
784,history--dr--volume--poet--work--prof--state--edition--life--poetry,0.769212995
785,jamaica--myth--cross--lodge--harding--novel--loomis--boston--medal--ball,0.780392118
786,ship--crow--caretaker--nightingale--countess--glass--physical--miniature--salisbury--medical,0.819212384
787,irish--crockett--maid--sir--waif--galloway--garden--vidal--story--church,0.786995546
788,letter--st--saint--dr--church--life--war--article--constitution--parish,0.782209591
789,animal--iowa--worry--revenge--firm--seton--pigeon--territory--ghastly--delicate,0.805672816
790,ireland--irish--law--god--international--state--novel--millionaire--widow--unite,0.785978976
791,watt--oregon--game--claim--indian--goodwin--tuscany--sawdust--alaska--road,0.77732107
792,ye--mendelssohn--hauptmann--personality--candidate--violin--grayson--speller--revolutionist--maeterlinck,0.799813851
793,history--dr--volume--poet--work--prof--state--edition--life--poetry,0.783329856
794,japanese--war--russian--negro--russia--japan--sea--story--czar--battle,0.767798446
795,history--dr--volume--poet--work--prof--state--edition--life--poetry,0.785886727
796,bacon--balloon--anarchist--soil--ghost--howell--charter--airship--sociology--mad,0.796840265
797,history--dr--volume--poet--work--prof--state--edition--life--poetry,0.796751793
798,letter--st--saint--dr--church--life--war--article--constitution--parish,0.745164119
799,history--dr--volume--poet--work--prof--state--edition--life--poetry,0.766403735
800,japanese--war--russian--negro--russia--japan--sea--story--czar--battle,0.638415557
801,japanese--war--russian--negro--russia--japan--sea--story--czar--battle,0.731134005
802,watt--oregon--game--claim--indian--goodwin--tuscany--sawdust--alaska--road,0.759231623
803,browne--preach--insurance--messenger--theory--rev--memory--child--shore--horse,0.765771003
804,motor--car--proverb--india--trust--tree--tea--inflorescence--cent--sign,0.775796451
805,southern--macdonald--jungle--standish--breton--room--england--ball--scene--lyman,0.781082451
806,garden--artist--congo--cather--curly--amish--queer--story--detective--arizona,0.742759912
807,teacher--education--college--latin--greek--officer--club--teach--school--revival,0.801622254
808,mister--puritanism--kropotkin--dolomite--lang--gun--titan--country--journalism--travel,0.785563002
809,letter--st--saint--dr--church--life--war--article--constitution--parish,0.782523588
810,card--reverend--young--strategy--mare--foley--delegate--memoir--los--walk,0.765341223
811,ireland--irish--law--god--international--state--novel--millionaire--widow--unite,0.778872346
812,history--dr--volume--poet--work--prof--state--edition--life--poetry,0.738219347
813,moran--ipswich--regulator--tree--north--newman--inn--limb--family--movement,0.650424552
814,history--dr--volume--poet--work--prof--state--edition--life--poetry,0.783460119
815,watt--oregon--game--claim--indian--goodwin--tuscany--sawdust--alaska--road,0.639841591
816,holland--journey--emigrant--slum--oregon--family--hoe--unappreciated--respectability--markham,0.774171346
817,letter--st--saint--dr--church--life--war--article--constitution--parish,0.576443522
818,irish--crockett--maid--sir--waif--galloway--garden--vidal--story--church,0.783702362
819,letter--st--saint--dr--church--life--war--article--constitution--parish,0.780915283
820,japanese--war--russian--negro--russia--japan--sea--story--czar--battle,0.741963007
821,history--dr--volume--poet--work--prof--state--edition--life--poetry,0.740744578
822,moran--ipswich--regulator--tree--north--newman--inn--limb--family--movement,0.790428793
823,advertise--story--hawthorne--romance--shop--dryad--col--canadian--williamson--tide,0.770631894
824,letter--st--saint--dr--church--life--war--article--constitution--parish,0.766086105
825,watt--oregon--game--claim--indian--goodwin--tuscany--sawdust--alaska--road,0.399433884
826,courtship--widow--testament--story--tariff--dollar--charter--california--luck--protection,0.755337048
827,gaunt--pilgrimage--brush--saga--canterbury--hakluyt--hat--library--attachment--happiness,0.763865712
828,irish--crockett--maid--sir--waif--galloway--garden--vidal--story--church,0.796356766
829,southern--macdonald--jungle--standish--breton--room--england--ball--scene--lyman,0.765127061
830,garden--artist--congo--cather--curly--amish--queer--story--detective--arizona,0.79488092
831,japanese--war--russian--negro--russia--japan--sea--story--czar--battle,0.766333034
832,letter--st--saint--dr--church--life--war--article--constitution--parish,0.772777434
833,hawker--thackeray--story--promoter--hound--marquise--xix--legend--newman--paper,0.789104897
834,japanese--war--russian--negro--russia--japan--sea--story--czar--battle,0.483136281
835,ireland--irish--law--god--international--state--novel--millionaire--widow--unite,0.73445724
836,letter--st--saint--dr--church--life--war--article--constitution--parish,0.712015948
837,mexico--brown--mexican--parliament--salon--thompson--voyage--city--thing--texas,0.783899138
838,shakespeare--river--regiment--poe--confederate--alabama--satire--ohio--anthology--map,0.785605146
839,ireland--party--rodin--catalina--irish--parliament--wale--head--cupid--abolitionist,0.789348951
840,antarctic--mission--ice--forestry--china--rat--polar--winter--mile--probationer,0.750641011
841,ireland--party--rodin--catalina--irish--parliament--wale--head--cupid--abolitionist,0.760830035
842,violin--lonely--varnish--setter--hutton--curate--chemise--maker--dog--strangely,0.760182984
843,blind--potemkin--clock--advice--golf--sight--golfer--opossum--wilderness--actress,0.773864317
844,teacher--education--college--latin--greek--officer--club--teach--school--revival,0.725801341
845,letter--st--saint--dr--church--life--war--article--constitution--parish,0.766891225
846,yacht--island--young--lotto--utopia--friend--soto--dolor--story--bahama,0.770321063
847,ireland--irish--law--god--international--state--novel--millionaire--widow--unite,0.764541598
848,empress--emperor--bank--currency--imperial--tuskegee--dowager--chemistry--universe--court,0.79151924
849,ireland--party--rodin--catalina--irish--parliament--wale--head--cupid--abolitionist,0.742565473
850,irish--crockett--maid--sir--waif--galloway--garden--vidal--story--church,0.756490351
851,mexico--brown--mexican--parliament--salon--thompson--voyage--city--thing--texas,0.795797831
852,orchid--shrub--scab--tree--garden--villa--picture--yacht--text--picker,0.615633358
853,history--dr--volume--poet--work--prof--state--edition--life--poetry,0.778391856
854,history--dr--volume--poet--work--prof--state--edition--life--poetry,0.767226224
855,letter--st--saint--dr--church--life--war--article--constitution--parish,0.756220316
856,teacher--education--college--latin--greek--officer--club--teach--school--revival,0.773686428
857,thy--hewlett--polo--irish--italy--isidro--review--jacobite--meter--fool,0.621408625
858,book--plant--plate--stevenson--auction--hawaiian--canal--child--burr--venice,0.552098032
859,shakespeare--river--regiment--poe--confederate--alabama--satire--ohio--anthology--map,0.692448198
860,letter--st--saint--dr--church--life--war--article--constitution--parish,0.772493562
861,teacher--education--college--latin--greek--officer--club--teach--school--revival,0.772121312