,term,matches
0,good,38
1,make,36
2,book,35
3,author,31
4,write,31
5,know,29
6,little,29
7,great,27
8,work,27
9,come,27
10,thing,26
11,pp,26
12,old,25
13,publish,24
14,tho,24
15,far,23
16,day,23
17,read,23
18,people,22
19,life,21
20,house,21
21,like,21
22,tell,21
23,young,20
24,live,20
25,use,20
26,think,19
27,present,19
28,world,19
29,story,19
30,volume,19
31,year,19
32,follow,18
33,long,18
34,away,18
35,certain,18
36,begin,18
37,conjurer,18
38,place,18
39,feel,17
40,country,17
41,bring,16
42,kind,16
43,point,16
44,small,16
45,open,16
46,fact,15
47,mind,15
48,manner,15
49,picture,15
50,deal,15
51,close,15
52,history,15
53,english,15
54,chapter,15
55,nature,14
56,american,14
57,order,14
58,hear,14
59,view,14
60,turn,14
61,appear,14
62,fall,14
63,quite,14
64,home,14
65,illustration,14
66,leave,14
67,light,14
68,high,14
69,hand,14
70,early,13
71,material,13
72,help,13
73,course,13
74,idea,13
75,result,13
76,late,13
77,poor,13
78,england,13
79,study,13
80,word,13
81,end,13
82,look,12
83,quality,12
84,rest,12
85,add,12
86,character,12
87,spirit,12
88,lie,12
89,face,12
90,produce,12
91,form,12
92,company,12
93,hold,12
94,care,12
95,mo,12
96,public,11
97,city,11
98,water,11
99,note,11
100,value,11
101,human,11
102,nearly,11
103,visit,11
104,subject,11
105,learn,11
106,night,11
107,able,11
108,contain,11
109,talk,11
110,reach,10
111,remark,10
112,purpose,10
113,return,10
114,question,10
115,large,10
116,send,10
117,sight,10
118,play,10
119,true,10
120,somewhat,10
121,room,10
122,characteristic,10
123,century,10
124,german,10
125,taste,10
126,common,10
127,charm,10
128,st,10
129,set,10
130,expect,10
131,enter,10
132,child,10
133,family,10
134,modern,10
135,especially,10
136,student,10
137,master,9
138,right,9
139,prefer,9
140,fit,9
141,fine,9
142,account,9
143,friend,9
144,build,9
145,air,9
146,future,9
147,change,9
148,war,9
149,money,9
150,lose,9
151,age,9
152,speak,9
153,land,9
154,lack,9
155,numb,9
156,society,9
157,figure,9
158,pass,9
159,class,9
160,various,9
161,remain,9
162,consider,9
163,sea,9
164,strike,9
165,travel,9
166,wise,9
167,concern,9
168,state,9
169,short,9
170,reader,9
171,pay,9
172,draw,9
173,mean,9
174,wonderful,9
175,real,9
176,illustrate,9
177,death,9
178,description,9
179,language,9
180,forget,9
181,school,9
182,try,9
183,understand,8
184,attention,8
185,attempt,8
186,eye,8
187,natural,8
188,regard,8
189,incline,8
190,want,8
191,familiar,8
192,charge,8
193,hour,8
194,beautiful,8
195,provide,8
196,perfect,8
197,sense,8
198,certainly,8
199,service,8
200,touch,8
201,doubt,8
202,example,8
203,pretty,8
204,offer,8
205,influence,8
206,artist,8
207,instance,8
208,th,8
209,literary,8
210,march,8
211,particular,8
212,strength,8
213,sign,8
214,sort,8
215,single,8
216,believe,8
217,paper,8
218,forth,8
219,field,8
220,law,8
221,general,8
222,condition,8
223,plain,8
224,door,8
225,beauty,8
226,appearance,8
227,excellent,8
228,ho,8
229,complete,8
230,quiet,8
231,need,8
232,famous,7
233,london,7
234,recent,7
235,heart,7
236,north,7
237,spend,7
238,peculiar,7
239,person,7
240,measure,7
241,near,7
242,tn,7
243,island,7
244,amuse,7
245,dwell,7
246,line,7
247,accord,7
248,letter,7
249,simple,7
250,active,7
251,reason,7
252,color,7
253,distinguish,7
254,hardly,7
255,shall,7
256,poet,7
257,portrait,7
258,difference,7
259,mention,7
260,treat,7
261,prepare,7
262,run,7
263,save,7
264,foot,7
265,experience,7
266,fight,7
267,grow,7
268,church,7
269,week,7
270,express,7
271,stand,7
272,tale,7
273,delightful,7
274,rule,7
275,possess,7
276,movement,7
277,pleasant,7
278,standard,7
279,date,7
280,lo,7
281,british,7
282,village,7
283,personal,7
284,european,7
285,grind,7
286,wild,7
287,meet,7
288,wrong,7
289,expression,7
290,position,7
291,free,7
292,brief,7
293,step,7
294,animal,7
295,impression,7
296,cent,7
297,sir,7
298,bad,7
299,rank,6
300,fly,6
301,choose,6
302,hot,6
303,ago,6
304,wind,6
305,capital,6
306,receive,6
307,product,6
308,instead,6
309,palace,6
310,delight,6
311,low,6
312,comment,6
313,support,6
314,easy,6
315,clear,6
316,wonder,6
317,degree,6
318,gentleman,6
319,wing,6
320,court,6
321,gift,6
322,gold,6
323,self,6
324,sun,6
325,cost,6
326,different,6
327,plan,6
328,obtain,6
329,mile,6
330,really,6
331,observation,6
332,month,6
333,dream,6
334,servant,6
335,compare,6
336,pleasure,6
337,serve,6
338,ancient,6
339,writer,6
340,element,6
341,altogether,6
342,process,6
343,street,6
344,ii,6
345,hard,6
346,force,6
347,establish,6
348,soon,6
349,straight,6
350,suggestion,6
351,period,6
352,include,6
353,largely,6
354,occasion,6
355,fashion,6
356,derive,6
357,publisher,6
358,fish,6
359,east,6
360,title,6
361,generally,6
362,start,6
363,deep,6
364,career,6
365,happen,6
366,style,6
367,effect,6
368,important,6
369,spite,6
370,break,6
371,game,6
372,judge,6
373,train,6
374,outside,6
375,mere,6
376,possible,6
377,let,6
378,thirty,6
379,enjoy,6
380,literature,6
381,summer,6
382,effort,6
383,scene,6
384,knowledge,6
385,attain,6
386,answer,6
387,neighbor,6
388,past,6
389,suffer,6
390,issue,6
391,arm,5
392,holiday,5
393,increase,5
394,adventure,5
395,humanity,5
396,current,5
397,devote,5
398,introduce,5
399,alter,5
400,affair,5
401,authority,5
402,equal,5
403,owe,5
404,social,5
405,poetry,5
406,prove,5
407,continue,5
408,boston,5
409,fairly,5
410,naturally,5
411,peace,5
412,custom,5
413,declare,5
414,teacher,5
415,merely,5
416,novel,5
417,nation,5
418,remember,5
419,spring,5
420,possession,5
421,romance,5
422,ordinary,5
423,event,5
424,priest,5
425,involve,5
426,verse,5
427,record,5
428,teach,5
429,observe,5
430,portion,5
431,warm,5
432,pipe,5
433,enthusiasm,5
434,chief,5
435,fee,5
436,wall,5
437,greek,5
438,power,5
439,moral,5
440,maid,5
441,buy,5
442,magic,5
443,south,5
444,university,5
445,philosophy,5
446,secret,5
447,seven,5
448,song,5
449,variety,5
450,warn,5
451,russian,5
452,foreign,5
453,finally,5
454,rise,5
455,business,5
456,group,5
457,tor,5
458,useful,5
459,italian,5
460,dark,5
461,historical,5
462,tree,5
463,pupil,5
464,grand,5
465,possibly,5
466,sketch,5
467,attend,5
468,similar,5
469,quote,5
470,tie,5
471,special,5
472,average,5
473,relative,5
474,queen,5
475,dog,5
476,humor,5
477,critical,5
478,kiss,5
479,dead,5
480,trade,5
481,ruin,5
482,existence,5
483,ill,5
484,failure,5
485,act,5
486,matter,5
487,military,5
488,furnish,5
489,dr,5
490,snow,5
491,sentiment,5
492,economic,5
493,imagination,5
494,race,5
495,music,5
496,tin,5
497,stage,5
498,road,5
499,continually,5
500,sure,5
501,entire,5
502,shape,5
503,comparative,5
504,drink,5
505,lord,5
506,food,5
507,germany,5
508,breed,5
509,el,5
510,ready,5
511,glimpse,5
512,original,5
513,extent,5
514,half,5
515,growth,5
516,october,5
517,fully,5
518,rare,5
519,theme,5
520,deserve,5
521,ask,5
522,government,5
523,ne,5
524,genius,5
525,july,5
526,collection,5
527,green,5
528,broad,5
529,dance,5
530,cloth,5
531,seal,5
532,guest,5
533,lead,5
534,ride,5
535,vary,5
536,shoulder,5
537,sympathetic,4
538,attract,4
539,main,4
540,duty,4
541,strange,4
542,golden,4
543,mouth,4
544,task,4
545,curious,4
546,remarkable,4
547,text,4
548,virtue,4
549,season,4
550,delicate,4
551,cold,4
552,attitude,4
553,arrange,4
554,ir,4
555,mood,4
556,winter,4
557,evil,4
558,pick,4
559,big,4
560,ideal,4
561,defense,4
562,genuine,4
563,minute,4
564,union,4
565,separate,4
566,egg,4
567,lesson,4
568,necessary,4
569,fellow,4
570,fair,4
571,foreigner,4
572,blood,4
573,gather,4
574,station,4
575,arc,4
576,arrangement,4
577,unite,4
578,avoid,4
579,wealth,4
580,cross,4
581,count,4
582,aid,4
583,edit,4
584,brooklyn,4
585,cover,4
586,admire,4
587,afford,4
588,stuff,4
589,editor,4
590,secretary,4
591,wish,4
592,experiment,4
593,catch,4
594,bitter,4
595,kindly,4
596,introduction,4
597,direction,4
598,continent,4
599,col,4
600,burn,4
601,path,4
602,reference,4
603,difficulty,4
604,ground,4
605,japan,4
606,selection,4
607,round,4
608,tender,4
609,ex,4
610,mistress,4
611,cure,4
612,unusual,4
613,body,4
614,box,4
615,liberty,4
616,watch,4
617,greatly,4
618,hut,4
619,guardian,4
620,insist,4
621,indicate,4
622,require,4
623,commercial,4
624,companion,4
625,problem,4
626,river,4
627,examination,4
628,chiefly,4
629,native,4
630,estimate,4
631,conduct,4
632,throw,4
633,opportunity,4
634,secure,4
635,sweep,4
636,trouble,4
637,russia,4
638,labor,4
639,die,4
640,map,4
641,gain,4
642,tone,4
643,entirely,4
644,industry,4
645,supply,4
646,white,4
647,belief,4
648,fresh,4
649,bottle,4
650,stay,4
651,army,4
652,accompany,4
653,drop,4
654,religious,4
655,scholar,4
656,weak,4
657,os,4
658,tongue,4
659,notice,4
660,roar,4
661,occupy,4
662,sympathy,4
663,loss,4
664,america,4
665,conclude,4
666,brown,4
667,exercise,4
668,feed,4
669,building,4
670,prevent,4
671,generation,4
672,historian,4
673,difficult,4
674,comparison,4
675,method,4
676,manage,4
677,rain,4
678,soul,4
679,bind,4
680,ring,4
681,italy,4
682,cast,4
683,conclusion,4
684,aspiration,4
685,celebrate,4
686,northern,4
687,ar,4
688,tea,4
689,admit,4
690,appreciation,4
691,individual,4
692,responsible,4
693,monument,4
694,arise,4
695,rescue,4
696,ha,4
697,importance,4
698,utmost,4
699,doctor,4
700,object,4
701,presumably,4
702,distinctly,4
703,seek,4
704,paint,4
705,entertain,4
706,enjoyment,4
707,intelligent,4
708,finish,4
709,officer,4
710,progress,4
711,plant,4
712,predecessor,4
713,quantity,4
714,europe,4
715,promise,4
716,lot,4
717,moment,4
718,aware,4
719,atmosphere,4
720,beat,4
721,tobacco,4
722,ship,4
723,lovely,4
724,education,4
725,stone,4
726,impose,4
727,final,4
728,hint,4
729,comprise,4
730,mar,4
731,morning,4
732,clothe,4
733,spanish,4
734,sound,4
735,burden,4
736,vast,4
737,simply,4
738,oblige,4
739,black,4
740,fortunate,4
741,political,4
742,southern,4
743,lift,4
744,compile,4
745,ambition,4
746,personality,4
747,fear,4
748,window,4
749,mighty,4
750,settle,4
751,net,4
752,unknown,4
753,intellectual,4
754,memory,4
755,valley,4
756,pure,4
757,bed,4
758,activity,4
759,allow,4
760,slow,4
761,attractive,4
762,englishman,4
763,appoint,4
764,criticism,4
765,indian,4
766,contemporary,4
767,surprise,4
768,connect,3
769,convert,3
770,surpass,3
771,journey,3
772,route,3
773,ability,3
774,afterward,3
775,virgin,3
776,amusement,3
777,com,3
778,rejoice,3
779,govern,3
780,ia,3
781,tire,3
782,musical,3
783,gratify,3
784,exquisite,3
785,shakespeare,3
786,direct,3
787,coast,3
788,tragedy,3
789,cite,3
790,feminine,3
791,poetic,3
792,ton,3
793,paris,3
794,hook,3
795,innocent,3
796,perfectly,3
797,fond,3
798,crime,3
799,mechanic,3
800,walk,3
801,landscape,3
802,commence,3
803,report,3
804,purely,3
805,quarter,3
806,kitchen,3
807,square,3
808,folio,3
809,frequently,3
810,puzzle,3
811,acquaint,3
812,head,3
813,silent,3
814,iv,3
815,collar,3
816,bark,3
817,demand,3
818,latin,3
819,coal,3
820,educate,3
821,eat,3
822,particularly,3
823,reproduction,3
824,plead,3
825,lake,3
826,disease,3
827,apparently,3
828,alike,3
829,majesty,3
830,strew,3
831,relate,3
832,respect,3
833,ignore,3
834,advance,3
835,employ,3
836,sick,3
837,review,3
838,attribute,3
839,preserve,3
840,domestic,3
841,fault,3
842,seemingly,3
843,conscious,3
844,wonderfully,3
845,stroll,3
846,prisoner,3
847,musician,3
848,assume,3
849,quotation,3
850,practical,3
851,extremely,3
852,sonnet,3
853,chair,3
854,wreck,3
855,content,3
856,potter,3
857,succeed,3
858,share,3
859,busy,3
860,band,3
861,parent,3
862,smoke,3
863,responsibility,3
864,solution,3
865,effective,3
866,successful,3
867,prison,3
868,spain,3
869,starve,3
870,wagon,3
871,absolute,3
872,farmer,3
873,engage,3
874,mistake,3
875,search,3
876,office,3
877,adult,3
878,romantic,3
879,thousand,3
880,incident,3
881,development,3
882,pride,3
883,explain,3
884,solve,3
885,grave,3
886,transport,3
887,beloved,3
888,easily,3
889,usual,3
890,forward,3
891,entitle,3
892,actually,3
893,hearted,3
894,extend,3
895,excessive,3
896,gospel,3
897,sake,3
898,cause,3
899,clever,3
900,occur,3
901,probably,3
902,vol,3
903,advantage,3
904,hat,3
905,frequent,3
906,ignorance,3
907,powerful,3
908,inter,3
909,control,3
910,lavish,3
911,blind,3
912,index,3
913,soldier,3
914,display,3
915,earnest,3
916,tempt,3
917,join,3
918,function,3
919,candle,3
920,lend,3
921,popular,3
922,utter,3
923,inspire,3
924,extraordinary,3
925,limit,3
926,cut,3
927,immediately,3
928,earth,3
929,relation,3
930,circumstance,3
931,rapid,3
932,disclose,3
933,narrative,3
934,ly,3
935,upper,3
936,inside,3
937,flame,3
938,majority,3
939,observer,3
940,decade,3
941,divide,3
942,shock,3
943,imagine,3
944,scientific,3
945,approve,3
946,fame,3
947,romp,3
948,vital,3
949,macmillan,3
950,anti,3
951,luxury,3
952,flour,3
953,enemy,3
954,relish,3
955,camp,3
956,represent,3
957,poem,3
958,conceive,3
959,series,3
960,bold,3
961,chimney,3
962,god,3
963,messrs,3
964,careful,3
965,sin,3
966,essay,3
967,apart,3
968,librarian,3
969,cook,3
970,shallow,3
971,ponderous,3
972,terrible,3
973,desire,3
974,bury,3
975,desert,3
976,affect,3
977,reasonable,3
978,board,3
979,apt,3
980,torture,3
981,committee,3
982,unconscious,3
983,weather,3
984,victory,3
985,ch,3
986,singularly,3
987,finger,3
988,satisfy,3
989,entrance,3
990,branch,3
991,catholic,3
992,correct,3
993,market,3
994,tower,3
995,leg,3
996,mi,3
997,tourist,3
998,rarely,3
999,lover,3
1000,voice,3
1001,stream,3
1002,india,3
1003,bank,3
1004,consist,3
1005,ripe,3
1006,property,3
1007,abandon,3
1008,equally,3
1009,convention,3
1010,nice,3
1011,ahead,3
1012,owner,3
1013,store,3
1014,central,3
1015,reduce,3
1016,reward,3
1017,tear,3
1018,bacon,3
1019,generous,3
1020,extract,3
1021,johnson,3
1022,zoological,3
1023,liable,3
1024,considerable,3
1025,architecture,3
1026,evidently,3
1027,bite,3
1028,manhattan,3
1029,drama,3
1030,farm,3
1031,college,3
1032,cousin,3
1033,sufficient,3
1034,clean,3
1035,select,3
1036,descendant,3
1037,notably,3
1038,successfully,3
1039,japanese,3
1040,relief,3
1041,absence,3
1042,preface,3
1043,freely,3
1044,render,3
1045,actual,3
1046,overlook,3
1047,post,3
1048,debt,3
1049,potato,3
1050,passage,3
1051,feature,3
1052,community,3
1053,section,3
1054,jar,3
1055,yellow,3
1056,recognize,3
1057,colony,3
1058,phrase,3
1059,slip,3
1060,judgment,3
1061,profession,3
1062,creation,3
1063,marvelous,3
1064,missionary,3
1065,proper,3
1066,alchemy,3
1067,adopt,3
1068,sleep,3
1069,tragic,3
1070,source,3
1071,plot,3
1072,recently,3
1073,suppose,3
1074,praise,3
1075,situation,3
1076,seat,3
1077,likely,3
1078,suggestive,3
1079,sing,3
1080,precede,3
1081,thank,3
1082,minister,3
1083,horse,3
1084,performance,3
1085,anglo,3
1086,seed,3
1087,science,3
1088,listen,3
1089,mystery,3
1090,till,3
1091,vain,3
1092,western,3
1093,sail,3
1094,masterpiece,3
1095,piece,3
1096,habit,3
1097,gas,3
1098,raise,3
1099,creature,3
1100,principle,3
1101,slowly,3
1102,brush,3
1103,mountain,3
1104,usually,3
1105,britain,3
1106,eventually,3
1107,ion,3
1108,print,3
1109,appeal,3
1110,bull,3
1111,tall,3
1112,exception,3
1113,sunlight,3
1114,official,3
1115,heavy,3
1116,comfort,3
1117,conventional,3
1118,heat,3
1119,bone,3
1120,crude,3
1121,dine,3
1122,obviously,3
1123,tooth,3
1124,exist,3
1125,permanent,3
1126,fruit,3
1127,oath,3
1128,aspect,3
1129,safety,3
1130,recall,3
1131,arrive,3
1132,mount,3
1133,sincerity,3
1134,height,3
1135,address,3
1136,policy,3
1137,command,3
1138,guard,3
1139,undertake,3
1140,region,3
1141,hair,3
1142,honest,3
1143,truly,3
1144,agree,3
1145,flee,3
1146,proud,3
1147,elephant,3
1148,dust,3
1149,income,3
1150,pursue,3
1151,bright,3
1152,confess,3
1153,library,3
1154,practically,3
1155,acquaintance,3
1156,vivid,3
1157,danger,3
1158,convince,3
1159,civil,3
1160,wear,3
1161,ducal,3
1162,province,3
1163,flight,3
1164,revolutionary,3
1165,reply,3
1166,strong,3
1167,action,2
1168,crown,2
1169,vegetable,2
1170,independent,2
1171,accept,2
1172,instinct,2
1173,number,2
1174,prose,2
1175,stint,2
1176,exceptional,2
1177,concert,2
1178,success,2
1179,guide,2
1180,ur,2
1181,diagram,2
1182,innocence,2
1183,embrace,2
1184,headquarter,2
1185,discuss,2
1186,constitute,2
1187,endless,2
1188,contribution,2
1189,respective,2
1190,abuse,2
1191,couple,2
1192,ireland,2
1193,normal,2
1194,wisdom,2
1195,memorable,2
1196,infallible,2
1197,belong,2
1198,pink,2
1199,instrument,2
1200,lock,2
1201,create,2
1202,strict,2
1203,impossibility,2
1204,originate,2
1205,rational,2
1206,irish,2
1207,infinitely,2
1208,prestige,2
1209,salt,2
1210,pain,2
1211,necessity,2
1212,forever,2
1213,vision,2
1214,countess,2
1215,interval,2
1216,tap,2
1217,nobility,2
1218,million,2
1219,basis,2
1220,recover,2
1221,ind,2
1222,ba,2
1223,persistently,2
1224,powder,2
1225,imitation,2
1226,pitiful,2
1227,dome,2
1228,huge,2
1229,provincial,2
1230,abolish,2
1231,commerce,2
1232,cultivate,2
1233,culture,2
1234,accordance,2
1235,opus,2
1236,midst,2
1237,funny,2
1238,boundary,2
1239,rural,2
1240,cake,2
1241,better,2
1242,skillful,2
1243,geology,2
1244,speech,2
1245,weep,2
1246,boat,2
1247,spin,2
1248,cigarette,2
1249,frighten,2
1250,ti,2
1251,enlighten,2
1252,promotion,2
1253,unable,2
1254,teutonic,2
1255,skin,2
1256,arrest,2
1257,extensive,2
1258,frankly,2
1259,vessel,2
1260,korea,2
1261,assist,2
1262,courtier,2
1263,eastern,2
1264,preparation,2
1265,prosperous,2
1266,press,2
1267,shine,2
1268,alp,2
1269,total,2
1270,ix,2
1271,rag,2
1272,plainly,2
1273,evidence,2
1274,facility,2
1275,birth,2
1276,corner,2
1277,mingle,2
1278,theory,2
1279,blue,2
1280,link,2
1281,castle,2
1282,moderate,2
1283,kettle,2
1284,desperate,2
1285,bridge,2
1286,sicken,2
1287,thoroughly,2
1288,morality,2
1289,pro,2
1290,carbonic,2
1291,sit,2
1292,partly,2
1293,reputation,2
1294,doggerel,2
1295,disappear,2
1296,wharton,2
1297,economy,2
1298,moth,2
1299,iron,2
1300,years,2
1301,deeply,2
1302,le,2
1303,afraid,2
1304,garrick,2
1305,brim,2
1306,strongly,2
1307,indulge,2
1308,unheard,2
1309,capture,2
1310,article,2
1311,compose,2
1312,loose,2
1313,commend,2
1314,sorry,2
1315,creep,2
1316,passion,2
1317,determine,2
1318,claim,2
1319,flag,2
1320,interior,2
1321,spare,2
1322,procure,2
1323,wound,2
1324,heine,2
1325,cultivation,2
1326,robber,2
1327,legislation,2
1328,advice,2
1329,hit,2
1330,essential,2
1331,inquire,2
1332,dozen,2
1333,replace,2
1334,slate,2
1335,ancestral,2
1336,escape,2
1337,brain,2
1338,keen,2
1339,hail,2
1340,inevitably,2
1341,ease,2
1342,characterize,2
1343,terrace,2
1344,rival,2
1345,airy,2
1346,comer,2
1347,external,2
1348,sum,2
1349,conscientious,2
1350,convenient,2
1351,elegance,2
1352,length,2
1353,absolutely,2
1354,reduction,2
1355,elementary,2
1356,explanation,2
1357,hesitation,2
1358,scatter,2
1359,balzac,2
1360,preposterous,2
1361,testify,2
1362,strengthen,2
1363,examiner,2
1364,scholarship,2
1365,correspondence,2
1366,opposition,2
1367,demonstration,2
1368,hospital,2
1369,penetrate,2
1370,treasury,2
1371,marriage,2
1372,february,2
1373,offend,2
1374,willful,2
1375,folly,2
1376,civilization,2
1377,conversation,2
1378,license,2
1379,periodical,2
1380,refuse,2
1381,artistic,2
1382,inn,2
1383,spot,2
1384,space,2
1385,fat,2
1386,memoir,2
1387,binding,2
1388,reminiscence,2
1389,presentation,2
1390,combination,2
1391,courtesy,2
1392,party,2
1393,dullness,2
1394,shame,2
1395,encounter,2
1396,pitch,2
1397,hospitable,2
1398,poetical,2
1399,handle,2
1400,reflect,2
1401,deck,2
1402,bolt,2
1403,sensation,2
1404,speculation,2
1405,whereof,2
1406,bonbon,2
1407,drawing,2
1408,mechanical,2
1409,wipe,2
1410,news,2
1411,protect,2
1412,bureau,2
1413,inform,2
1414,cabin,2
1415,marvelously,2
1416,topic,2
1417,admirable,2
1418,sugar,2
1419,sub,2
1420,theatrical,2
1421,crop,2
1422,pennsylvania,2
1423,photograph,2
1424,naturalist,2
1425,chemical,2
1426,highly,2
1427,channel,2
1428,decoration,2
1429,lightly,2
1430,officially,2
1431,permission,2
1432,fluent,2
1433,intend,2
1434,repair,2
1435,shake,2
1436,dig,2
1437,hearty,2
1438,robe,2
1439,qualification,2
1440,dimension,2
1441,possibility,2
1442,lyric,2
1443,hospitality,2
1444,fir,2
1445,desirable,2
1446,heaven,2
1447,agent,2
1448,pine,2
1449,emphasize,2
1450,personage,2
1451,edition,2
1452,representative,2
1453,roll,2
1454,utterance,2
1455,curiosity,2
1456,clearly,2
1457,discretion,2
1458,op,2
1459,ambitious,2
1460,noise,2
1461,biographical,2
1462,storehouse,2
1463,sphere,2
1464,republic,2
1465,tropical,2
1466,es,2
1467,curb,2
1468,divine,2
1469,glass,2
1470,complex,2
1471,pale,2
1472,northward,2
1473,wholly,2
1474,lad,2
1475,hero,2
1476,oppose,2
1477,sculpture,2
1478,refer,2
1479,pilgrim,2
1480,proceed,2
1481,widely,2
1482,imperfect,2
1483,seeker,2
1484,contrast,2
1485,friar,2
1486,satisfactory,2
1487,vacation,2
1488,widow,2
1489,appointment,2
1490,posthumous,2
1491,local,2
1492,strive,2
1493,reveal,2
1494,guarantee,2
1495,typical,2
1496,cow,2
1497,errant,2
1498,anecdote,2
1499,meal,2
1500,patronize,2
1501,floor,2
1502,fart,2
1503,prof,2
1504,evident,2
1505,chapel,2
1506,drive,2
1507,proportion,2
1508,key,2
1509,phase,2
1510,dutch,2
1511,savor,2
1512,kindergarten,2
1513,feeling,2
1514,meeting,2
1515,bible,2
1516,pull,2
1517,te,2
1518,wrap,2
1519,scotland,2
1520,prelate,2
1521,research,2
1522,fast,2
1523,eager,2
1524,shelter,2
1525,constantly,2
1526,greece,2
1527,backward,2
1528,connection,2
1529,exaggerate,2
1530,horizon,2
1531,sufficiently,2
1532,acre,2
1533,governor,2
1534,gov,2
1535,swim,2
1536,workman,2
1537,grocery,2
1538,acquire,2
1539,coleridge,2
1540,coat,2
1541,yield,2
1542,imprint,2
1543,vigorous,2
1544,captive,2
1545,FALSE,2
1546,renaissance,2
1547,establishment,2
1548,substance,2
1549,satisfaction,2
1550,pious,2
1551,urge,2
1552,clergyman,2
1553,shop,2
1554,io,2
1555,goodly,2
1556,population,2
1557,background,2
1558,autumn,2
1559,impossible,2
1560,melt,2
1561,athletic,2
1562,successor,2
1563,glorious,2
1564,rear,2
1565,drill,2
1566,county,2
1567,phenomenon,2
1568,teem,2
1569,petersburg,2
1570,conflict,2
1571,gentle,2
1572,resit,2
1573,lawyer,2
1574,combine,2
1575,choice,2
1576,inspect,2
1577,justice,2
1578,sunday,2
1579,dependent,2
1580,substitute,2
1581,private,2
1582,complicate,2
1583,gun,2
1584,likewise,2
1585,valuable,2
1586,denomination,2
1587,furniture,2
1588,limitation,2
1589,bend,2
1590,silence,2
1591,resemblance,2
1592,playground,2
1593,medical,2
1594,woo,2
1595,lure,2
1596,xii,2
1597,battle,2
1598,association,2
1599,temperament,2
1600,significance,2
1601,vice,2
1602,bulk,2
1603,finely,2
1604,barbarism,2
1605,instruction,2
1606,wooden,2
1607,prig,2
1608,brigade,2
1609,cockney,2
1610,creed,2
1611,wheel,2
1612,abundant,2
1613,beverage,2
1614,fate,2
1615,enforce,2
1616,lip,2
1617,forbid,2
1618,immense,2
1619,millet,2
1620,advise,2
1621,subsequent,2
1622,wander,2
1623,vitally,2
1624,fare,2
1625,descriptive,2
1626,listener,2
1627,villa,2
1628,chicken,2
1629,flow,2
1630,stamp,2
1631,harbor,2
1632,organization,2
1633,daily,2
1634,proof,2
1635,lapse,2
1636,pickle,2
1637,list,2
1638,temperature,2
1639,exactly,2
1640,dismiss,2
1641,distance,2
1642,cheerful,2
1643,flutter,2
1644,curate,2
1645,dedicate,2
1646,november,2
1647,merchant,2
1648,actor,2
1649,practice,2
1650,decidedly,2
1651,hate,2
1652,beer,2
1653,statement,2
1654,ye,2
1655,contempt,2
1656,scenery,2
1657,conceal,2
1658,jame,2
1659,dull,2
1660,fragment,2
1661,thought,2
1662,elude,2
1663,quagmire,2
1664,uncertain,2
1665,chivalry,2
1666,infinite,2
1667,bare,2
1668,welcome,2
1669,pole,2
1670,laugh,2
1671,suddenly,2
1672,morbidness,2
1673,frontispiece,2
1674,princess,2
1675,devil,2
1676,chicago,2
1677,settlement,2
1678,bronx,2
1679,resort,2
1680,opinion,2
1681,sermon,2
1682,venice,2
1683,maintain,2
1684,freedom,2
1685,contact,2
1686,district,2
1687,disarm,2
1688,credit,2
1689,countenance,2
1690,policeman,2
1691,actively,2
1692,wrath,2
1693,iii,2
1694,oriental,2
1695,creative,2
1696,educational,2
1697,breath,2
1698,storied,2
1699,consume,2
1700,optimistic,2
1701,simplicity,2
1702,ire,2
1703,conviction,2
1704,transportation,2
1705,host,2
1706,wordsworth,2
1707,unification,2
1708,stick,2
1709,score,2
1710,emerge,2
1711,justify,2
1712,lichen,2
1713,friendship,2
1714,kill,2
1715,chamber,2
1716,repel,2
1717,heirloom,2
1718,sinister,2
1719,string,2
1720,pocket,2
1721,discovery,2
1722,chinese,2
1723,shout,2
1724,friendly,2
1725,decay,2
1726,lime,2
1727,pronounce,2
1728,publication,2
1729,heroine,2
1730,fun,2
1731,scarcely,2
1732,dive,2
1733,capacity,2
1734,proclaim,2
1735,botanical,2
1736,previous,2
1737,polish,2
1738,giant,2
1739,scratch,2
1740,corn,2
1741,afield,2
1742,schoolboy,2
1743,notion,2
1744,awaken,2
1745,commonplace,2
1746,oil,2
1747,impress,2
1748,prebendary,2
1749,dispute,2
1750,hide,2
1751,minor,2
1752,lodge,2
1753,li,2
1754,purchase,2
1755,confederate,2
1756,realize,2
1757,police,2
1758,specie,2
1759,reality,2
1760,narrow,2
1761,whirlpool,2
1762,intimate,2
1763,cf,2
1764,adapt,2
1765,epic,2
1766,achievement,2
1767,assure,2
1768,rector,2
1769,innate,2
1770,intention,2
1771,admirer,2
1772,apple,2
1773,significant,2
1774,card,2
1775,ignorant,2
1776,politic,2
1777,consideration,2
1778,enthusiastic,2
1779,exceedingly,2
1780,sweet,2
1781,wheat,2
1782,inspiration,2
1783,gaze,2
1784,treasure,2
1785,appreciate,2
1786,merit,2
1787,drag,2
1788,eighty,2
1789,scribner,2
1790,teller,2
1791,slight,2
1792,relegate,2
1793,dominion,2
1794,sentimental,2
1795,import,2
1796,temperance,2
1797,discouragement,2
1798,mental,2
1799,origin,2
1800,fix,2
1801,model,2
1802,exhaust,2
1803,youth,2
1804,pig,2
1805,healthy,2
1806,barren,2
1807,fog,2
1808,suspicious,2
1809,roof,2
1810,differ,2
1811,keeper,2
1812,notorious,2
1813,unless,2
1814,attack,2
1815,infantry,2
1816,cambridge,2
1817,orient,2
1818,geometry,2
1819,pray,2
1820,independence,2
1821,compel,2
1822,jewish,2
1823,weight,2
1824,translation,2
1825,stop,2
1826,approach,2
1827,export,2
1828,capt,2
1829,doc,2
1830,revolution,2
1831,ohio,2
1832,manufacture,2
1833,trust,2
1834,fiction,2
1835,weed,2
1836,solitude,2
1837,outline,2
1838,vicar,2
1839,democracy,2
1840,guidebook,2
1841,shrub,2
1842,trunk,2
1843,candid,2
1844,shore,2
1845,national,2
1846,savage,2
1847,illuminate,2
1848,vogue,2
1849,improve,2
1850,table,2
1851,earnestness,2
1852,folk,2
1853,anus,2
1854,historic,2
1855,expanse,2
1856,truth,2
1857,shoot,2
1858,hood,2
1859,reaction,2
1860,portsmouth,2
1861,superior,2
1862,regiment,2
1863,stretch,2
1864,lecture,2
1865,boil,2
1866,fulfillment,2
1867,parish,2
1868,ear,2
1869,liberal,2
1870,invariably,2
1871,clergy,2
1872,blame,2
1873,clerical,2
1874,vague,2
1875,resource,2
1876,weakness,2
1877,level,2
1878,carriage,2
1879,formal,2
1880,prance,2
1881,disgrace,2
1882,china,2
1883,spoon,2
1884,dignify,2
1885,thither,2
1886,foliage,2
1887,suggest,2
1888,exploit,2
1889,tendency,2
1890,rate,2
1891,coldly,2
1892,rightly,2
1893,pare,2
1894,solely,2
1895,jr,2
1896,breathe,2
1897,succession,2
1898,prosperity,2
1899,museum,2
1900,physical,2
1901,ingenuity,2
1902,preach,2
1903,extra,2
1904,soft,2
1905,gamble,2
1906,safe,2
1907,bar,2
1908,bet,2
1909,sparkle,2
1910,conception,2
1911,cabbage,2
1912,multitude,2
1913,defeat,2
1914,adjoin,2
1915,discourse,2
1916,flatter,2
1917,dread,2
1918,item,2
1919,minstrel,2
1920,hotel,2
1921,protestant,2
1922,toy,2
1923,manifest,2
1924,psychological,2
1925,biography,2
1926,invasion,2
1927,hare,2
1928,unconsciously,2
1929,proceeding,2
1930,transform,2
1931,reticence,2
1932,negro,2
1933,inhabitant,2
1934,plate,2
1935,episcopal,2
1936,adventurous,2
1937,extensively,2
1938,kindness,2
1939,fifty,2
1940,agriculture,2
1941,acid,2
1942,revival,2
1943,emperor,2
1944,utensil,2
1945,machinery,2
1946,constant,2
1947,voyage,2
1948,poverty,2
1949,continuation,2
1950,classical,2
1951,lately,2
1952,gradual,2
1953,religion,2
1954,louisville,2
1955,dress,2
1956,struggle,2
1957,craftsman,2
1958,african,1
1959,shire,1
1960,beethoven,1
1961,amendment,1
1962,silver,1
1963,choke,1
1964,autocracy,1
1965,chanson,1
1966,conquer,1
1967,picnic,1
1968,file,1
1969,uncommon,1
1970,woodwork,1
1971,presage,1
1972,historically,1
1973,remind,1
1974,recognizable,1
1975,inmate,1
1976,var,1
1977,piccolo,1
1978,allure,1
1979,tutor,1
1980,democratic,1
1981,pertness,1
1982,steam,1
1983,intent,1
1984,tropically,1
1985,constructor,1
1986,repast,1
1987,bin,1
1988,initiate,1
1989,refuge,1
1990,resist,1
1991,princeton,1
1992,fuss,1
1993,politeness,1
1994,doorstep,1
1995,pantagruel,1
1996,repellent,1
1997,detachment,1
1998,stairway,1
1999,surround,1
2000,retard,1
2001,international,1
2002,shinto,1
2003,reflection,1
2004,triumph,1
2005,anew,1
2006,deacon,1
2007,au,1
2008,gaming,1
2009,unemotional,1
2010,navigation,1
2011,chilly,1
2012,duct,1
2013,stock,1
2014,numerous,1
2015,cheat,1
2016,carelessness,1
2017,pattern,1
2018,advocate,1
2019,journal,1
2020,battery,1
2021,compensate,1
2022,mad,1
2023,voluptuous,1
2024,stem,1
2025,resolution,1
2026,creek,1
2027,duchess,1
2028,bushel,1
2029,haw,1
2030,nicholson,1
2031,standardization,1
2032,multiply,1
2033,maraud,1
2034,flat,1
2035,shogun,1
2036,vermilion,1
2037,caustic,1
2038,canto,1
2039,imitate,1
2040,flesh,1
2041,nostrum,1
2042,poseur,1
2043,cuspidor,1
2044,invitation,1
2045,orientally,1
2046,vandalism,1
2047,substitution,1
2048,dim,1
2049,type,1
2050,suspicion,1
2051,rhyme,1
2052,antietam,1
2053,sorrow,1
2054,pi,1
2055,denote,1
2056,flicker,1
2057,comrade,1
2058,wildfire,1
2059,shrine,1
2060,tb,1
2061,vestry,1
2062,astronomy,1
2063,vb,1
2064,wt,1
2065,ox,1
2066,tack,1
2067,chi,1
2068,rigidity,1
2069,shirt,1
2070,parasite,1
2071,deem,1
2072,unpleasant,1
2073,backyard,1
2074,inoculate,1
2075,accident,1
2076,criminologist,1
2077,dalliance,1
2078,recovery,1
2079,defect,1
2080,abundance,1
2081,iceberg,1
2082,deliberately,1
2083,fain,1
2084,morn,1
2085,industrialism,1
2086,idealism,1
2087,prize,1
2088,cataract,1
2089,motor,1
2090,twinkle,1
2091,casual,1
2092,estate,1
2093,impregnate,1
2094,ts,1
2095,accuse,1
2096,barter,1
2097,unrest,1
2098,evening,1
2099,contemplation,1
2100,boo,1
2101,spice,1
2102,revolt,1
2103,timber,1
2104,worldly,1
2105,feather,1
2106,productivity,1
2107,realism,1
2108,apartment,1
2109,ape,1
2110,linen,1
2111,slide,1
2112,capricious,1
2113,handshaking,1
2114,faculty,1
2115,cart,1
2116,dislike,1
2117,presumption,1
2118,universal,1
2119,blow,1
2120,canal,1
2121,irrigation,1
2122,beech,1
2123,translate,1
2124,singly,1
2125,farewell,1
2126,gondola,1
2127,captain,1
2128,frivolity,1
2129,seigneur,1
2130,inherent,1
2131,fortification,1
2132,pope,1
2133,excite,1
2134,contrapuntally,1
2135,obscurely,1
2136,mimicry,1
2137,elegant,1
2138,primeval,1
2139,presbyterian,1
2140,tablecloth,1
2141,prefix,1
2142,quest,1
2143,vocal,1
2144,hush,1
2145,stance,1
2146,remainder,1
2147,injunction,1
2148,veritable,1
2149,comprehensive,1
2150,na,1
2151,naval,1
2152,mix,1
2153,feverish,1
2154,stress,1
2155,learned,1
2156,effectively,1
2157,curve,1
2158,carnival,1
2159,horn,1
2160,inhale,1
2161,mogul,1
2162,immensely,1
2163,prop,1
2164,outdoor,1
2165,freight,1
2166,danish,1
2167,hypercritical,1
2168,draft,1
2169,tease,1
2170,proclamation,1
2171,insurgent,1
2172,flock,1
2173,watson,1
2174,stratford,1
2175,trio,1
2176,seldom,1
2177,primarily,1
2178,priceless,1
2179,gorgeous,1
2180,profligate,1
2181,divinity,1
2182,intercourse,1
2183,distort,1
2184,shaky,1
2185,pair,1
2186,prospective,1
2187,residue,1
2188,punish,1
2189,texas,1
2190,fad,1
2191,kidnap,1
2192,orchestra,1
2193,royalty,1
2194,cruelty,1
2195,subservient,1
2196,clique,1
2197,eastwood,1
2198,oyster,1
2199,laboratory,1
2200,mysticism,1
2201,agreement,1
2202,manger,1
2203,confession,1
2204,gallop,1
2205,cheerfulness,1
2206,knight,1
2207,organic,1
2208,neutral,1
2209,sliver,1
2210,creator,1
2211,settler,1
2212,bludgeon,1
2213,domicile,1
2214,inundate,1
2215,deceitful,1
2216,baptist,1
2217,bore,1
2218,flirtation,1
2219,upset,1
2220,steady,1
2221,snivel,1
2222,identical,1
2223,attune,1
2224,cornerstone,1
2225,impious,1
2226,jest,1
2227,crossroad,1
2228,sanctuary,1
2229,preside,1
2230,analysis,1
2231,flourish,1
2232,brow,1
2233,erotic,1
2234,lexicographer,1
2235,dace,1
2236,giorgione,1
2237,briber,1
2238,grime,1
2239,spotlessness,1
2240,ice,1
2241,trustee,1
2242,botanist,1
2243,dramatic,1
2244,impostor,1
2245,sneak,1
2246,weave,1
2247,rum,1
2248,mer,1
2249,unnecessary,1
2250,spider,1
2251,amaze,1
2252,whitewash,1
2253,fontainebleau,1
2254,jealousy,1
2255,novelty,1
2256,san,1
2257,coach,1
2258,realization,1
2259,slats,1
2260,reservoir,1
2261,engagement,1
2262,rash,1
2263,discern,1
2264,beef,1
2265,cage,1
2266,mourn,1
2267,terminate,1
2268,rely,1
2269,crow,1
2270,facile,1
2271,spoil,1
2272,pun,1
2273,defective,1
2274,jolly,1
2275,tactic,1
2276,footpath,1
2277,tidy,1
2278,worship,1
2279,lade,1
2280,menial,1
2281,acer,1
2282,furthermore,1
2283,bug,1
2284,outsider,1
2285,disengage,1
2286,tilth,1
2287,pity,1
2288,cunning,1
2289,crib,1
2290,partition,1
2291,octavo,1
2292,vatican,1
2293,delightfully,1
2294,avenue,1
2295,coolness,1
2296,bureaucracy,1
2297,universally,1
2298,centimeter,1
2299,saturday,1
2300,occasional,1
2301,confectioner,1
2302,pretentiously,1
2303,mecca,1
2304,unaffected,1
2305,classic,1
2306,newspaper,1
2307,delta,1
2308,hast,1
2309,rev,1
2310,farce,1
2311,gruesome,1
2312,recollection,1
2313,heretic,1
2314,caddy,1
2315,assert,1
2316,inconvertible,1
2317,beholden,1
2318,machination,1
2319,almighty,1
2320,armadillo,1
2321,eskimo,1
2322,bang,1
2323,stenographic,1
2324,strand,1
2325,test,1
2326,restful,1
2327,dawdler,1
2328,expansionist,1
2329,treatment,1
2330,gobble,1
2331,scientist,1
2332,tribute,1
2333,organism,1
2334,prude,1
2335,principally,1
2336,everybody,1
2337,toe,1
2338,tolerably,1
2339,millwright,1
2340,strait,1
2341,feast,1
2342,singe,1
2343,mildly,1
2344,bandit,1
2345,ridicule,1
2346,summarily,1
2347,fury,1
2348,freeze,1
2349,beach,1
2350,oxidize,1
2351,dent,1
2352,reprehensible,1
2353,elizabethan,1
2354,recite,1
2355,penitent,1
2356,catalina,1
2357,bede,1
2358,hull,1
2359,ridge,1
2360,illinois,1
2361,tinge,1
2362,orthodoxy,1
2363,climb,1
2364,laud,1
2365,evolution,1
2366,president,1
2367,astronomer,1
2368,firecracker,1
2369,double,1
2370,sovereign,1
2371,mainstay,1
2372,gesture,1
2373,bleak,1
2374,traveler,1
2375,romanticism,1
2376,tonic,1
2377,senatorial,1
2378,lazy,1
2379,carr,1
2380,conducive,1
2381,suffrage,1
2382,whiff,1
2383,hesiod,1
2384,orderly,1
2385,satire,1
2386,circulate,1
2387,bitterness,1
2388,senate,1
2389,diligent,1
2390,institution,1
2391,guffaw,1
2392,downward,1
2393,coke,1
2394,cyclone,1
2395,skill,1
2396,hamper,1
2397,woodpecker,1
2398,non,1
2399,upward,1
2400,yoke,1
2401,joker,1
2402,defy,1
2403,wistful,1
2404,incidental,1
2405,insular,1
2406,elements,1
2407,balance,1
2408,expressly,1
2409,rearrangement,1
2410,adverse,1
2411,augury,1
2412,turbulent,1
2413,remarks,1
2414,detection,1
2415,eloquence,1
2416,broadcast,1
2417,slender,1
2418,blackwell,1
2419,sen,1
2420,ct,1
2421,undeceive,1
2422,precept,1
2423,maize,1
2424,cellar,1
2425,painter,1
2426,annotate,1
2427,rascal,1
2428,congratulation,1
2429,devotion,1
2430,inland,1
2431,humble,1
2432,administrative,1
2433,accomplish,1
2434,ascend,1
2435,gossip,1
2436,stagger,1
2437,fragrance,1
2438,gusto,1
2439,indelibly,1
2440,pickett,1
2441,harper,1
2442,car,1
2443,chat,1
2444,harden,1
2445,ashamed,1
2446,primrose,1
2447,yorkshire,1
2448,audience,1
2449,fortnight,1
2450,realistic,1
2451,orpheus,1
2452,proportionately,1
2453,fascinate,1
2454,expert,1
2455,ravine,1
2456,pariah,1
2457,yorker,1
2458,finis,1
2459,romney,1
2460,thread,1
2461,picturesquely,1
2462,idleness,1
2463,bandage,1
2464,dominant,1
2465,muse,1
2466,pictorial,1
2467,fluency,1
2468,architectural,1
2469,simultaneously,1
2470,midnight,1
2471,grass,1
2472,weary,1
2473,wartime,1
2474,moro,1
2475,firth,1
2476,notate,1
2477,topple,1
2478,manliness,1
2479,idiot,1
2480,republics,1
2481,arsenal,1
2482,suspect,1
2483,gouge,1
2484,completely,1
2485,pirate,1
2486,severe,1
2487,seaman,1
2488,breech,1
2489,et,1
2490,montaigne,1
2491,rein,1
2492,adventurer,1
2493,rousseau,1
2494,squalor,1
2495,isolate,1
2496,churchman,1
2497,pastry,1
2498,ornamentation,1
2499,nymph,1
2500,afterthought,1
2501,witness,1
2502,peddle,1
2503,suitable,1
2504,chlorine,1
2505,experimental,1
2506,zero,1
2507,smile,1
2508,nickname,1
2509,nth,1
2510,diverse,1
2511,anatomy,1
2512,trill,1
2513,yr,1
2514,housewife,1
2515,spontaneous,1
2516,incapacity,1
2517,sensuous,1
2518,corporation,1
2519,apply,1
2520,sc,1
2521,dangler,1
2522,attachment,1
2523,speed,1
2524,auerbach,1
2525,thackeray,1
2526,lang,1
2527,readily,1
2528,propaganda,1
2529,supernaturalism,1
2530,untouched,1
2531,hopefulness,1
2532,purity,1
2533,cape,1
2534,apology,1
2535,scale,1
2536,liq,1
2537,thy,1
2538,mail,1
2539,capacious,1
2540,comparatively,1
2541,similitude,1
2542,anxious,1
2543,frog,1
2544,cheng,1
2545,ecstatic,1
2546,convey,1
2547,sample,1
2548,mineral,1
2549,truest,1
2550,larva,1
2551,unlike,1
2552,manumission,1
2553,overvalue,1
2554,underneath,1
2555,mist,1
2556,loudly,1
2557,institute,1
2558,dissipation,1
2559,financier,1
2560,statistic,1
2561,design,1
2562,bachelor,1
2563,sh,1
2564,englander,1
2565,threateningly,1
2566,sanitary,1
2567,kneel,1
2568,waiver,1
2569,racket,1
2570,observing,1
2571,fortunately,1
2572,operation,1
2573,glance,1
2574,certainty,1
2575,spout,1
2576,pose,1
2577,waterfall,1
2578,watercolor,1
2579,highway,1
2580,civilian,1
2581,insinuate,1
2582,physiognomy,1
2583,teachers,1
2584,absurdity,1
2585,coachman,1
2586,agra,1
2587,demon,1
2588,eagle,1
2589,impulse,1
2590,agreeable,1
2591,ft,1
2592,indoor,1
2593,sixteen,1
2594,inherit,1
2595,expressive,1
2596,wheelwright,1
2597,cynicism,1
2598,authentic,1
2599,toad,1
2600,reproduce,1
2601,railroad,1
2602,stately,1
2603,sift,1
2604,equipage,1
2605,boot,1
2606,shift,1
2607,profusely,1
2608,devoid,1
2609,launch,1
2610,additional,1
2611,apprehend,1
2612,generosity,1
2613,argentina,1
2614,january,1
2615,formation,1
2616,dev,1
2617,dose,1
2618,hue,1
2619,civilize,1
2620,methodology,1
2621,hedgerow,1
2622,strategic,1
2623,denominational,1
2624,destroy,1
2625,gloucester,1
2626,glean,1
2627,personally,1
2628,funeral,1
2629,mutual,1
2630,harmonious,1
2631,sightseer,1
2632,professor,1
2633,huron,1
2634,aggression,1
2635,canadian,1
2636,bani,1
2637,tr,1
2638,retain,1
2639,oxygen,1
2640,centenary,1
2641,lower,1
2642,crisp,1
2643,refrain,1
2644,desperation,1
2645,stonewall,1
2646,therewith,1
2647,intense,1
2648,admission,1
2649,disintegration,1
2650,confide,1
2651,grain,1
2652,celebrity,1
2653,vodka,1
2654,incomparable,1
2655,minutia,1
2656,poster,1
2657,hammer,1
2658,assumption,1
2659,tyrannical,1
2660,alive,1
2661,banner,1
2662,picturesqueness,1
2663,flaubert,1
2664,flit,1
2665,punctually,1
2666,nutrition,1
2667,gnaw,1
2668,comedian,1
2669,trim,1
2670,dipper,1
2671,correspondent,1
2672,intact,1
2673,mightily,1
2674,commonness,1
2675,discredit,1
2676,thinker,1
2677,frame,1
2678,scat,1
2679,scarce,1
2680,grange,1
2681,sandusky,1
2682,cradle,1
2683,liberation,1
2684,continuance,1
2685,troll,1
2686,emit,1
2687,requirement,1
2688,mat,1
2689,chronological,1
2690,pertain,1
2691,ween,1
2692,tartar,1
2693,occupation,1
2694,provocative,1
2695,worry,1
2696,resident,1
2697,substantial,1
2698,prominently,1
2699,precipitate,1
2700,sponsor,1
2701,quarrel,1
2702,liquor,1
2703,division,1
2704,package,1
2705,assertion,1
2706,leathery,1
2707,arouse,1
2708,security,1
2709,musicianship,1
2710,archipelago,1
2711,straightway,1
2712,ope,1
2713,bookseller,1
2714,density,1
2715,gout,1
2716,barlow,1
2717,tennessee,1
2718,hack,1
2719,gleam,1
2720,sanction,1
2721,seaside,1
2722,treaty,1
2723,jailer,1
2724,orthodox,1
2725,asylum,1
2726,supervision,1
2727,bog,1
2728,hebrew,1
2729,drudging,1
2730,eur,1
2731,metrically,1
2732,actuality,1
2733,brigadier,1
2734,wince,1
2735,coffee,1
2736,disturb,1
2737,philistine,1
2738,associate,1
2739,kean,1
2740,seriously,1
2741,embalm,1
2742,noteworthy,1
2743,eliminate,1
2744,anathematize,1
2745,vase,1
2746,jone,1
2747,distribution,1
2748,foible,1
2749,mouse,1
2750,balloon,1
2751,passiveness,1
2752,carefully,1
2753,indebted,1
2754,core,1
2755,vow,1
2756,frankness,1
2757,impressionable,1
2758,regret,1
2759,reindeer,1
2760,surface,1
2761,birmingham,1
2762,ordinarily,1
2763,trivial,1
2764,meat,1
2765,wan,1
2766,logical,1
2767,cather,1
2768,pillar,1
2769,capable,1
2770,puke,1
2771,drip,1
2772,sterilize,1
2773,princely,1
2774,sturdiness,1
2775,moderation,1
2776,plowman,1
2777,postage,1
2778,chapters,1
2779,tariff,1
2780,develop,1
2781,shibboleth,1
2782,penitentiary,1
2783,loyalty,1
2784,piston,1
2785,pony,1
2786,strauss,1
2787,asa,1
2788,swinburne,1
2789,toadyism,1
2790,extraction,1
2791,achieve,1
2792,eulogy,1
2793,drift,1
2794,crouch,1
2795,perilous,1
2796,tween,1
2797,inmost,1
2798,log,1
2799,puritan,1
2800,comprehension,1
2801,ive,1
2802,quartet,1
2803,sensibility,1
2804,dint,1
2805,exalt,1
2806,radicalism,1
2807,autobiography,1
2808,pound,1
2809,comical,1
2810,rub,1
2811,blink,1
2812,hygienic,1
2813,lithe,1
2814,barrel,1
2815,packet,1
2816,emphatic,1
2817,appropriation,1
2818,shaft,1
2819,noxious,1
2820,dazzle,1
2821,xi,1
2822,foreground,1
2823,oat,1
2824,impassion,1
2825,tm,1
2826,seethe,1
2827,grate,1
2828,oak,1
2829,rusticate,1
2830,borough,1
2831,compensation,1
2832,manuscript,1
2833,selfish,1
2834,tart,1
2835,papal,1
2836,pluralist,1
2837,promote,1
2838,transmutation,1
2839,tortilla,1
2840,alert,1
2841,brazil,1
2842,crankiness,1
2843,contemplative,1
2844,citizen,1
2845,sb,1
2846,lima,1
2847,abet,1
2848,sentimentalism,1
2849,column,1
2850,ac,1
2851,disciple,1
2852,pars,1
2853,inconceivable,1
2854,righteous,1
2855,en,1
2856,metal,1
2857,violoncello,1
2858,sire,1
2859,ventilate,1
2860,mysterious,1
2861,accent,1
2862,superb,1
2863,alpine,1
2864,excerpt,1
2865,impartiality,1
2866,sou,1
2867,duck,1
2868,slough,1
2869,stimulate,1
2870,shackle,1
2871,anon,1
2872,satirist,1
2873,sanguine,1
2874,highland,1
2875,impracticable,1
2876,understudy,1
2877,countless,1
2878,depend,1
2879,steep,1
2880,stupefy,1
2881,outcome,1
2882,romancer,1
2883,posing,1
2884,release,1
2885,propriety,1
2886,tract,1
2887,director,1
2888,slang,1
2889,neva,1
2890,gross,1
2891,obscure,1
2892,apologize,1
2893,size,1
2894,illustrious,1
2895,whisper,1
2896,chattel,1
2897,erection,1
2898,technical,1
2899,rebel,1
2900,sleeve,1
2901,monstrosity,1
2902,alexandre,1
2903,mobile,1
2904,militarism,1
2905,arch,1
2906,courtyard,1
2907,solemn,1
2908,bureaucrat,1
2909,fiscal,1
2910,operatic,1
2911,hom,1
2912,vidal,1
2913,grey,1
2914,overcharge,1
2915,aztec,1
2916,wisconsin,1
2917,debauchee,1
2918,timer,1
2919,elasticity,1
2920,palladio,1
2921,trowel,1
2922,se,1
2923,cowper,1
2924,sport,1
2925,portuguese,1
2926,fearlessly,1
2927,sink,1
2928,clown,1
2929,rebellious,1
2930,joinery,1
2931,fort,1
2932,mexico,1
2933,imply,1
2934,mold,1
2935,repay,1
2936,topknot,1
2937,regularly,1
2938,sluggish,1
2939,terrific,1
2940,grade,1
2941,poke,1
2942,healthful,1
2943,trial,1
2944,hod,1
2945,tit,1
2946,chaplain,1
2947,niggardly,1
2948,dry,1
2949,insufficiency,1
2950,eggshell,1
2951,wittily,1
2952,gage,1
2953,constitution,1
2954,incompatible,1
2955,arboretum,1
2956,retreat,1
2957,damnation,1
2958,sussex,1
2959,smooth,1
2960,instantly,1
2961,kentucky,1
2962,empire,1
2963,repression,1
2964,mission,1
2965,porpoise,1
2966,pan,1
2967,strenuous,1
2968,tile,1
2969,whimper,1
2970,yell,1
2971,wile,1
2972,stray,1
2973,definite,1
2974,yeoman,1
2975,maker,1
2976,multiplication,1
2977,undermine,1
2978,continuous,1
2979,construct,1
2980,vindication,1
2981,slightly,1
2982,neon,1
2983,eminence,1
2984,sickly,1
2985,rivalry,1
2986,inning,1
2987,stain,1
2988,dreamer,1
2989,hon,1
2990,contaminate,1
2991,concrete,1
2992,oppressive,1
2993,plutarch,1
2994,freak,1
2995,haste,1
2996,rumble,1
2997,violinist,1
2998,dissolute,1
2999,fierce,1
3000,superficial,1
3001,racy,1
3002,porch,1
3003,insistent,1
3004,feasible,1
3005,stir,1
3006,hostelry,1
3007,precaution,1
3008,election,1
3009,po,1
3010,coma,1
3011,decision,1
3012,hum,1
3013,scriptural,1
3014,boredom,1
3015,raw,1
3016,startle,1
3017,bellow,1
3018,americana,1
3019,tram,1
3020,salve,1
3021,stolid,1
3022,antiseptic,1
3023,shipment,1
3024,confessor,1
3025,magnificence,1
3026,september,1
3027,expectation,1
3028,meantime,1
3029,bolivia,1
3030,grub,1
3031,vividness,1
3032,bribe,1
3033,filipino,1
3034,spouse,1
3035,eh,1
3036,soften,1
3037,ling,1
3038,vituperated,1
3039,deplete,1
3040,macaulay,1
3041,nitrogen,1
3042,donne,1
3043,vermin,1
3044,perplex,1
3045,absurd,1
3046,epitomize,1
3047,contemplate,1
3048,hiatus,1
3049,louse,1
3050,subordinate,1
3051,ms,1
3052,gem,1
3053,rapier,1
3054,insufferably,1
3055,savagery,1
3056,copper,1
3057,definitive,1
3058,fighting,1
3059,grief,1
3060,pshawed,1
3061,foam,1
3062,liter,1
3063,inequality,1
3064,staff,1
3065,archaic,1
3066,fool,1
3067,lamp,1
3068,hap,1
3069,fundamentally,1
3070,conceit,1
3071,fealty,1
3072,hereabouts,1
3073,sharpen,1
3074,connelly,1
3075,term,1
3076,squabble,1
3077,inimitable,1
3078,frey,1
3079,navy,1
3080,artificial,1
3081,quaker,1
3082,cove,1
3083,daylight,1
3084,filthy,1
3085,inasmuch,1
3086,staple,1
3087,hurt,1
3088,formed,1
3089,miserable,1
3090,toil,1
3091,curl,1
3092,insight,1
3093,plays,1
3094,climax,1
3095,consecutive,1
3096,endurance,1
3097,charily,1
3098,om,1
3099,roster,1
3100,parnassus,1
3101,tag,1
3102,veil,1
3103,bawdy,1
3104,cauliflower,1
3105,dispose,1
3106,buttonhole,1
3107,gallon,1
3108,medicine,1
3109,metrical,1
3110,maupassant,1
3111,nome,1
3112,stale,1
3113,mankind,1
3114,trick,1
3115,tittle,1
3116,monastery,1
3117,polite,1
3118,neat,1
3119,symphony,1
3120,incur,1
3121,suffice,1
3122,define,1
3123,resuscitate,1
3124,discipline,1
3125,seep,1
3126,middle,1
3127,mild,1
3128,bias,1
3129,sandal,1
3130,exhale,1
3131,prolong,1
3132,quietude,1
3133,congratulate,1
3134,bourne,1
3135,ale,1
3136,amalgamation,1
3137,doggedness,1
3138,sex,1
3139,random,1
3140,perfunctory,1
3141,conglomerate,1
3142,smart,1
3143,korean,1
3144,ignominious,1
3145,resolve,1
3146,naturalism,1
3147,disturbance,1
3148,indifference,1
3149,fiercely,1
3150,revenge,1
3151,indignation,1
3152,aptly,1
3153,lemonade,1
3154,induce,1
3155,richelieu,1
3156,behave,1
3157,outset,1
3158,sot,1
3159,accumulation,1
3160,legislature,1
3161,cluster,1
3162,ration,1
3163,hay,1
3164,enable,1
3165,initial,1
3166,width,1
3167,withdrawal,1
3168,herculean,1
3169,ascertain,1
3170,grandparent,1
3171,meditation,1
3172,handsome,1
3173,weakling,1
3174,inane,1
3175,portraits,1
3176,pounce,1
3177,collapse,1
3178,nut,1
3179,taft,1
3180,biological,1
3181,shed,1
3182,shrubbery,1
3183,celebration,1
3184,banker,1
3185,fragrant,1
3186,intervene,1
3187,commendation,1
3188,affection,1
3189,impulsive,1
3190,lore,1
3191,unsatisfied,1
3192,virtuous,1
3193,idle,1
3194,eminent,1
3195,intellectually,1
3196,preference,1
3197,cling,1
3198,await,1
3199,taught,1
3200,spread,1
3201,drawback,1
3202,reactionary,1
3203,reform,1
3204,hemlock,1
3205,hip,1
3206,visitor,1
3207,tenant,1
3208,tress,1
3209,alkali,1
3210,coquetry,1
3211,loafer,1
3212,reproach,1
3213,flake,1
3214,disposition,1
3215,contrive,1
3216,plenty,1
3217,production,1
3218,foreword,1
3219,forgiveness,1
3220,irrevocably,1
3221,linseed,1
3222,nightingale,1
3223,omelet,1
3224,conducting,1
3225,nook,1
3226,petroleum,1
3227,chatty,1
3228,upright,1
3229,electricity,1
3230,camper,1
3231,unmindful,1
3232,hypocrite,1
3233,chrysanthemum,1
3234,hitherto,1
3235,scripture,1
3236,snip,1
3237,tentative,1
3238,vocabulary,1
3239,lovingly,1
3240,mortal,1
3241,commuter,1
3242,mien,1
3243,bequeath,1
3244,parisian,1
3245,destine,1
3246,debauchery,1
3247,trickster,1
3248,endear,1
3249,maudlin,1
3250,bless,1
3251,modal,1
3252,bat,1
3253,teapot,1
3254,scornful,1
3255,leader,1
3256,classroom,1
3257,amid,1
3258,ell,1
3259,beneficent,1
3260,toss,1
3261,examine,1
3262,hopeful,1
3263,expose,1
3264,omnipotent,1
3265,radical,1
3266,aspire,1
3267,unmistakably,1
3268,cleanliness,1
3269,peru,1
3270,riot,1
3271,cloister,1
3272,effeminate,1
3273,steal,1
3274,doubtless,1
3275,appendix,1
3276,rustic,1
3277,withal,1
3278,selkirk,1
3279,mature,1
3280,platonic,1
3281,notebook,1
3282,easternmost,1
3283,insurance,1
3284,abound,1
3285,diagnosis,1
3286,pleading,1
3287,exhibit,1
3288,blameless,1
3289,shudder,1
3290,prayer,1
3291,reserve,1
3292,exclusive,1
3293,cylinder,1
3294,stickler,1
3295,lisbon,1
3296,muscular,1
3297,stool,1
3298,wherewithal,1
3299,drainage,1
3300,scottish,1
3301,punishment,1
3302,childhood,1
3303,fanaticism,1
3304,childish,1
3305,shatter,1
3306,imitator,1
3307,boiler,1
3308,hind,1
3309,intelligently,1
3310,unfairly,1
3311,offensively,1
3312,tent,1
3313,exile,1
3314,ounce,1
3315,administration,1
3316,yellowish,1
3317,egypt,1
3318,spiritualism,1
3319,crank,1
3320,composition,1
3321,quip,1
3322,malady,1
3323,dally,1
3324,conviviality,1
3325,instinctively,1
3326,equip,1
3327,bode,1
3328,disagreement,1
3329,boswell,1
3330,fur,1
3331,fry,1
3332,tenth,1
3333,rope,1
3334,abstract,1
3335,recommend,1
3336,faerie,1
3337,peanut,1
3338,allot,1
3339,unguided,1
3340,risk,1
3341,distant,1
3342,jelly,1
3343,presence,1
3344,decent,1
3345,fiddle,1
3346,vanity,1
3347,sorcerer,1
3348,inquiry,1
3349,oxford,1
3350,friday,1
3351,behavior,1
3352,buffalo,1
3353,variation,1
3354,hilarity,1
3355,incredulously,1
3356,cockroach,1
3357,damsel,1
3358,casino,1
3359,plotting,1
3360,disconnect,1
3361,displeasure,1
3362,addition,1
3363,propagation,1
3364,superstitious,1
3365,borrow,1
3366,translator,1
3367,hist,1
3368,cream,1
3369,par,1
3370,economical,1
3371,thieve,1
3372,pool,1
3373,stevenson,1
3374,separation,1
3375,department,1
3376,assemble,1
3377,impartial,1
3378,beneath,1
3379,antagonistic,1
3380,mossy,1
3381,capitally,1
3382,padre,1
3383,chain,1
3384,sinful,1
3385,den,1
3386,locomotive,1
3387,elder,1
3388,calm,1
3389,maze,1
3390,discontinue,1
3391,benefit,1
3392,homeric,1
3393,resemble,1
3394,intrepid,1
3395,banshee,1
3396,orchestral,1
3397,bondholder,1
3398,esquire,1
3399,encamp,1
3400,bewitch,1
3401,saints,1
3402,lottery,1
3403,lusty,1
3404,combat,1
3405,committees,1
3406,veteran,1
3407,instrumental,1
3408,aim,1
3409,leasts,1
3410,chuckle,1
3411,larder,1
3412,sad,1
3413,information,1
3414,solder,1
3415,recommendation,1
3416,briefly,1
3417,smell,1
3418,odor,1
3419,inexperienced,1
3420,progenitor,1
3421,unconsciousness,1
3422,drunken,1
3423,merton,1
3424,established,1
3425,undo,1
3426,barnacle,1
3427,breathless,1
3428,curator,1
3429,picturesque,1
3430,ping,1
3431,scorn,1
3432,wearisome,1
3433,vulgar,1
3434,deception,1
3435,theology,1
3436,greet,1
3437,muster,1
3438,patriotism,1
3439,cornwall,1
3440,opium,1
3441,unbiased,1
3442,holder,1
3443,mass,1
3444,efface,1
3445,swift,1
3446,mock,1
3447,eminently,1
3448,appropriate,1
3449,exhibition,1
3450,vat,1
3451,yea,1
3452,quicken,1
3453,procedure,1
3454,excommunicate,1
3455,effrontery,1
3456,worthlessness,1
3457,proclivity,1
3458,calculation,1
3459,fail,1
3460,universality,1
3461,gallant,1
3462,persuade,1
3463,beebe,1
3464,explicitness,1
3465,leaden,1
3466,gettysburg,1
3467,constabulary,1
3468,baby,1
3469,engine,1
3470,mummy,1
3471,gee,1
3472,urgently,1
3473,absent,1
3474,shooter,1
3475,territory,1
3476,nu,1
3477,genus,1
3478,farmhouse,1
3479,gambler,1
3480,mantle,1
3481,garrison,1
3482,surge,1
3483,spotlessly,1
3484,metric,1
3485,englishwoman,1
3486,instruct,1
3487,chars,1
3488,jacobite,1
3489,extraordinarily,1
3490,cynic,1
3491,battleship,1
3492,needless,1
3493,sack,1
3494,craving,1
3495,delicacy,1
3496,deathbed,1
3497,uniformity,1
3498,intelligible,1
3499,bassett,1
3500,snipe,1
3501,perch,1
3502,vapid,1
3503,wholesome,1
3504,est,1
3505,howl,1
3506,recruit,1
3507,devonshire,1
3508,legend,1
3509,condemn,1
3510,blunder,1
3511,butter,1
3512,estimation,1
3513,wanderer,1
3514,coolie,1
3515,walpole,1
3516,archbishop,1
3517,lament,1
3518,inclemency,1
3519,chancellor,1
3520,nameless,1
3521,muller,1
3522,revision,1
3523,cine,1
3524,shrewdly,1
3525,solvent,1
3526,living,1
3527,arithmetic,1
3528,idolize,1
3529,groan,1
3530,denial,1
3531,knee,1
3532,amalgam,1
3533,blight,1
3534,diary,1
3535,insect,1
3536,consciousness,1
3537,estimable,1
3538,contemptuous,1
3539,inflate,1
3540,alaska,1
3541,cistern,1
3542,yacht,1
3543,citizenship,1
3544,equipment,1
3545,mirth,1
3546,wreathe,1
3547,brilliant,1
3548,fund,1
3549,imbue,1
3550,buckram,1
3551,stagnant,1
3552,contest,1
3553,galley,1
3554,clover,1
3555,plymouth,1
3556,heresy,1
3557,irv,1
3558,lung,1
3559,glibly,1
3560,mule,1
3561,copious,1
3562,moor,1
3563,dur,1
3564,individuality,1
3565,ultimately,1
3566,factory,1
3567,annotation,1
3568,yd,1
3569,schiller,1
3570,unitarianism,1
3571,manila,1
3572,refreshment,1
3573,venture,1
3574,club,1
3575,blast,1
3576,mote,1
3577,carcass,1
3578,endure,1
3579,legion,1
3580,primitive,1
3581,suburban,1
3582,overflow,1
3583,plantation,1
3584,aside,1
3585,belt,1
3586,skull,1
3587,privacy,1
3588,pantomime,1
3589,cowherd,1
3590,housework,1
3591,hp,1
3592,scapegoat,1
3593,popularity,1
3594,accuracy,1
3595,spade,1
3596,forge,1
3597,inquisition,1
3598,utility,1
3599,expensive,1
3600,politically,1
3601,normandy,1
3602,woodworking,1
3603,boatman,1
3604,attendance,1
3605,survey,1
3606,fe,1
3607,personify,1
3608,mumbletypeg,1
3609,stateliness,1
3610,whine,1
3611,cease,1
3612,ocean,1
3613,conductor,1
3614,cockatoo,1
3615,academic,1
3616,stockton,1
3617,impenetrable,1
3618,respond,1
3619,papa,1
3620,phlegm,1
3621,identity,1
3622,portray,1
3623,austria,1
3624,bleach,1
3625,selfishness,1
3626,ism,1
3627,theistic,1
3628,female,1
3629,mono,1
3630,datum,1
3631,gate,1
3632,tuscan,1
3633,enumerate,1
3634,pacific,1
3635,complaint,1
3636,parrish,1
3637,goodness,1
3638,caw,1
3639,treadwell,1
3640,fable,1
3641,monsieur,1
3642,southey,1
3643,earthly,1
3644,crackle,1
3645,splendidly,1
3646,dirt,1
3647,egyptian,1
3648,unpalatable,1
3649,subsequently,1
3650,chauffeur,1
3651,biscuit,1
3652,fop,1
3653,crater,1
3654,swing,1
3655,cottage,1
3656,subtitle,1
3657,runaway,1
3658,controversy,1
3659,ail,1
3660,soil,1
3661,male,1
3662,gargantua,1
3663,colonel,1
3664,plump,1
3665,intrude,1
3666,mal,1
3667,resign,1
3668,wins,1
3669,exceed,1
3670,defend,1
3671,usage,1
3672,exactness,1
3673,puget,1
3674,formula,1
3675,glow,1
3676,boulder,1
3677,retort,1
3678,erudite,1
3679,gs,1
3680,cum,1
3681,chesterfield,1
3682,roadbed,1
3683,deaf,1
3684,cupola,1
3685,fullness,1
3686,cadence,1
3687,vigor,1
3688,hi,1
3689,markedly,1
3690,necessarily,1
3691,treatise,1
3692,chap,1
3693,gone,1
3694,symbiotic,1
3695,tributary,1
3696,handicap,1
3697,curriculum,1
3698,brand,1
3699,uphold,1
3700,aston,1
3701,macbeth,1
3702,thirsty,1
3703,quirinal,1
3704,vocation,1
3705,crucifixion,1
3706,parade,1
3707,indication,1
3708,affirm,1
3709,condense,1
3710,inscribe,1
3711,amer,1
3712,memorably,1
3713,adequately,1
3714,exemplary,1
3715,pyle,1
3716,fanciful,1
3717,sunlit,1
3718,humorist,1
3719,ligneous,1
3720,womanliness,1
3721,chronicle,1
3722,rush,1
3723,trait,1
3724,deliberate,1
3725,hen,1
3726,bankruptcy,1
3727,cruise,1
3728,beneficial,1
3729,yodel,1
3730,slavonic,1
3731,bald,1
3732,chisel,1
3733,gallery,1
3734,justly,1
3735,hiroshima,1
3736,occasionally,1
3737,telegraph,1
3738,exchange,1
3739,adoration,1
3740,juggle,1
3741,sniff,1
3742,outer,1
3743,deposit,1
3744,daggers,1
3745,coincide,1
3746,modest,1
3747,mississippi,1
3748,unwritten,1
3749,remove,1
3750,burial,1
3751,tragedian,1
3752,hermit,1
3753,dye,1
3754,insure,1
3755,straw,1
3756,garrulous,1
3757,cider,1
3758,pressure,1
3759,energy,1
3760,ardor,1
3761,cancer,1
3762,supplement,1
3763,purse,1
3764,supposition,1
3765,continuously,1
3766,fanatic,1
3767,wilderness,1
3768,ml,1
3769,hogshead,1
3770,partake,1
3771,readable,1
3772,aw,1
3773,graceless,1
3774,prick,1
3775,almanac,1
3776,radish,1
3777,quickly,1
3778,phantom,1
3779,crudity,1
3780,financial,1
3781,reddish,1
3782,communion,1
3783,places,1
3784,soulful,1
3785,proofreader,1
3786,cunningly,1
3787,sindbad,1
3788,detriment,1
3789,cask,1
3790,location,1
3791,yuma,1
3792,livelihood,1
3793,sordid,1
3794,definition,1
3795,ardent,1
3796,goal,1
3797,stave,1
3798,ownership,1
3799,buccaneer,1
3800,indispensable,1
3801,birthplace,1
3802,bluster,1
3803,priesthood,1
3804,memorize,1
3805,quotable,1
3806,productive,1
3807,forage,1
3808,indefinitely,1
3809,nottingham,1
3810,restless,1
3811,erie,1
3812,butterfly,1
3813,nineteen,1
3814,percentage,1
3815,buffoon,1
3816,outwear,1
3817,restriction,1
3818,railway,1
3819,fluently,1
3820,expound,1
3821,temptingly,1
3822,immigration,1
3823,maul,1
3824,chemist,1
3825,melodiousness,1
3826,confidentially,1
3827,paralyze,1
3828,stirrer,1
3829,melancholy,1
3830,patiently,1
3831,mu,1
3832,drown,1
3833,needful,1
3834,pantheism,1
3835,idly,1
3836,consort,1
3837,ancestry,1
3838,meander,1
3839,discussion,1
3840,rapidity,1
3841,favor,1
3842,firework,1
3843,tiger,1
3844,disobey,1
3845,directly,1
3846,cobweb,1
3847,customary,1
3848,argument,1
3849,latitude,1
3850,partner,1
3851,alien,1
3852,chest,1
3853,overcome,1
3854,plea,1
3855,sprout,1
3856,cad,1
3857,invite,1
3858,moralize,1
3859,optimism,1
3860,autobiographical,1
3861,grassy,1
3862,spindle,1
3863,council,1
3864,producer,1
3865,scotch,1
3866,load,1
3867,quadrangle,1
3868,fitness,1
3869,harm,1
3870,goldfish,1
3871,heard,1
3872,expense,1
3873,nd,1
3874,ob,1
3875,fatigue,1
3876,contend,1
3877,pork,1
3878,splendor,1
3879,tackle,1
3880,tog,1
3881,engender,1
3882,excess,1
3883,automobile,1
3884,festivity,1
3885,campbell,1
3886,astonish,1
3887,imperial,1
3888,dihedral,1
3889,akbar,1
3890,ministration,1
3891,taster,1
3892,pedagogue,1
3893,islander,1
3894,campaign,1
3895,favorably,1
3896,excellence,1
3897,sweetness,1
3898,durham,1
3899,request,1
3900,sandwich,1
3901,admonish,1
3902,penalty,1
3903,household,1
3904,potential,1
3905,regulation,1
3906,minion,1
3907,dreadful,1
3908,bacterium,1
3909,dragon,1
3910,aggressive,1
3911,ku,1
3912,rough,1
3913,beginning,1
3914,jews,1
3915,fruitful,1
3916,pushcart,1
3917,advisable,1
3918,prate,1
3919,congenial,1
3920,orphan,1
3921,dare,1
3922,abstinence,1
3923,stake,1
3924,anagram,1
3925,genteel,1
3926,harmless,1
3927,longing,1
3928,smash,1
3929,bizarre,1
3930,fixation,1
3931,invisible,1
3932,goethe,1
3933,joiner,1
3934,effectually,1
3935,injustice,1
3936,unsophisticated,1
3937,mister,1
3938,spit,1
3939,angry,1
3940,sale,1
3941,vacate,1
3942,plausibility,1
3943,woodworker,1
3944,depth,1
3945,steel,1
3946,diffuse,1
3947,onion,1
3948,cigars,1
3949,dinner,1
3950,illumine,1
3951,split,1
3952,tub,1
3953,perplexity,1
3954,merge,1
3955,deft,1
3956,prejudice,1
3957,tolerant,1
3958,paraguay,1
3959,sympathetically,1
3960,metropolitan,1
3961,poe,1
3962,bostonian,1
3963,embryo,1
3964,archaeological,1
3965,bristol,1
3966,midway,1
3967,aggregate,1
3968,showing,1
3969,mournful,1
3970,tun,1
3971,client,1
3972,steamer,1
3973,exit,1
3974,bathroom,1
3975,prairie,1
3976,descent,1
3977,christianity,1
3978,hideousness,1
3979,irreverent,1
3980,workingman,1
3981,wide,1
3982,ghost,1
3983,hammond,1
3984,remote,1
3985,pall,1
3986,sontag,1
3987,waive,1
3988,sweat,1
3989,ceremony,1
3990,mariner,1
3991,fructify,1
3992,rigorous,1
3993,czar,1
3994,uninspired,1
3995,rid,1
3996,galleria,1
3997,etiquette,1
3998,throng,1
3999,refrigerator,1
4000,proverbially,1
4001,internal,1
4002,basque,1
4003,swagger,1
4004,piquant,1
4005,appreciable,1
4006,earn,1
4007,tame,1
4008,sis,1
4009,reread,1
4010,fulsome,1
4011,nurse,1
4012,mademoiselle,1
4013,downpour,1
4014,bight,1
4015,rabelais,1
4016,saintly,1
4017,crest,1
4018,ceremonious,1
4019,laughable,1
4020,fads,1
4021,contribute,1
4022,bibliography,1
4023,affectation,1
4024,fantastic,1
4025,casanova,1
4026,fairy,1
4027,sophomore,1
4028,catastrophe,1
4029,overture,1
4030,scotchman,1
4031,unjust,1
4032,paragraph,1
4033,blindness,1
4034,fluffy,1
4035,marino,1
4036,hang,1
4037,sober,1
4038,cheap,1
4039,rhymester,1
4040,carload,1
4041,amazement,1
4042,conquest,1
4043,indulgence,1
4044,assimilate,1
4045,plebe,1
4046,elia,1
4047,oh,1
4048,lr,1
4049,irate,1
4050,unavoidable,1
4051,agricultural,1
4052,kimono,1
4053,leadership,1
4054,cation,1
4055,formally,1
4056,salute,1
4057,restaurant,1
4058,unluckily,1
4059,arduous,1
4060,naturalization,1
4061,huguenot,1
4062,forebear,1
4063,permit,1
4064,heir,1
4065,prognostication,1
4066,villain,1
4067,melbourne,1
4068,sausage,1
4069,tiny,1
4070,ageless,1
4071,wis,1
4072,deer,1
4073,devourer,1
4074,succor,1
4075,demure,1
4076,endeavor,1
4077,essence,1
4078,distinction,1
4079,despotic,1
4080,ad,1
4081,bristle,1
4082,corpus,1
4083,plane,1
4084,hindu,1
4085,partial,1
4086,senior,1
4087,violin,1
4088,liberalism,1
4089,derbyshire,1
4090,wage,1
4091,profusion,1
4092,parentage,1
4093,standpoint,1
4094,worm,1
4095,everlasting,1
4096,reappear,1
4097,merchandise,1
4098,synonymous,1
4099,perform,1
4100,contrary,1
4101,pad,1
4102,fishery,1
4103,scissor,1
4104,anchorage,1
4105,poland,1
4106,moist,1
4107,chord,1
4108,authorize,1
4109,mixture,1
4110,straggle,1
4111,vagabond,1
4112,peak,1
4113,greatness,1
4114,dundee,1
4115,layman,1
4116,mislead,1
4117,pianist,1
4118,contrariwise,1
4119,modify,1
4120,generalization,1
4121,saving,1
4122,spar,1
4123,disagreeable,1
4124,paltriness,1
4125,moonlight,1
4126,seward,1
4127,cloak,1
4128,schoolmate,1
4129,pup,1
4130,turnpike,1
4131,wagner,1
4132,insatiable,1
4133,states,1
4134,racial,1
4135,completeness,1
4136,consumption,1
4137,inflame,1
4138,ample,1
4139,disposal,1
4140,miner,1
4141,beggar,1
4142,stringent,1
4143,knife,1
4144,queer,1
4145,ax,1
4146,odd,1
4147,kinswoman,1
4148,scheme,1
4149,fever,1
4150,verify,1
4151,parisians,1
4152,frivolous,1
4153,lurk,1
4154,seasick,1
4155,admiration,1
4156,pack,1
4157,sophistry,1
4158,clamor,1
4159,prodigious,1
4160,dwarf,1
4161,chatter,1
4162,dreary,1
4163,humanism,1
4164,documentary,1
4165,assistant,1
4166,detective,1
4167,justifiable,1
4168,aborigine,1
4169,compassionately,1
4170,positively,1
4171,nurses,1
4172,investment,1
4173,westminster,1
4174,fatal,1
4175,sociable,1
4176,stud,1
4177,mess,1
4178,commonly,1
4179,philadelphia,1
4180,bygone,1
4181,environment,1
4182,counter,1
4183,duel,1
4184,ablaze,1
4185,ornithologist,1
4186,norway,1
4187,disappoint,1
4188,copy,1
4189,norwich,1
4190,temporary,1
4191,lazily,1
4192,africa,1
4193,superstition,1
4194,assent,1
4195,discourage,1
4196,philharmonic,1
4197,nagasaki,1
4198,wolverton,1
4199,cult,1
4200,inevitable,1
4201,undoubtedly,1
4202,inwardness,1
4203,extirpation,1
4204,waif,1
4205,parlor,1
4206,studious,1
4207,splendid,1
4208,cautious,1
4209,fold,1
4210,diction,1
4211,landmark,1
4212,seneca,1
4213,precision,1
4214,emphasis,1
4215,skirt,1
4216,curiously,1
4217,leap,1
4218,rainbow,1
4219,infernal,1
4220,enumeration,1
4221,transition,1
4222,comte,1
4223,dilate,1
4224,trapping,1
4225,stanza,1
4226,glimmering,1
4227,yarn,1
4228,misconduct,1
4229,federate,1
4230,humorous,1
4231,writing,1
4232,confirmation,1
4233,carpenter,1
4234,expressively,1
4235,closely,1
4236,troop,1
4237,pertinent,1
4238,incorporeal,1
4239,sip,1
4240,protest,1
4241,tenor,1
4242,baltic,1
4243,delphic,1
4244,lavishly,1
4245,mon,1
4246,dover,1
4247,motive,1
4248,gradually,1
4249,cup,1
4250,dainty,1
4251,remorse,1
4252,musing,1
4253,manure,1
4254,assail,1
4255,propensity,1
4256,minneapolis,1
4257,xiv,1
4258,shovel,1
4259,concept,1
4260,ply,1
4261,uncultivated,1
4262,thorough,1
4263,silk,1
4264,candidate,1
4265,exceptionally,1
4266,engraver,1
4267,colt,1
4268,sadden,1
4269,ornithological,1
4270,immigrant,1
4271,chile,1
4272,joint,1
4273,supreme,1
4274,humus,1
4275,toilet,1
4276,unawares,1
4277,permeate,1
4278,pathos,1
4279,smut,1
4280,pedagogy,1
4281,inclination,1
4282,holy,1
4283,morally,1
4284,fl,1
4285,abide,1
4286,propose,1
4287,emblem,1
4288,descend,1
4289,espouse,1
4290,forehead,1
4291,facilitate,1
4292,rome,1
4293,melon,1
4294,assimilation,1
4295,rainy,1
4296,sew,1
4297,sigh,1
4298,bagpipe,1
4299,alcoholic,1
4300,regain,1
4301,output,1
4302,lantern,1
4303,picket,1
4304,untraveled,1
4305,amateur,1
4306,physician,1
4307,repute,1
4308,team,1
4309,monarch,1
4310,attraction,1
4311,brighten,1
4312,profane,1
4313,compendious,1
4314,fret,1
4315,handbill,1
4316,suit,1
4317,construction,1
4318,left,1
4319,retrospect,1
4320,solid,1
4321,censorship,1
4322,exact,1
4323,neglect,1
4324,moon,1
4325,mutiny,1
4326,strangely,1
4327,coriolanus,1
4328,counterfeit,1
4329,delhi,1
4330,confessional,1
4331,sentence,1
4332,naturalistic,1
4333,animation,1
4334,ethical,1
4335,pagan,1
4336,classification,1
4337,distress,1
4338,amusingly,1
4339,extravagant,1
4340,commentator,1
4341,invade,1
4342,pottage,1
4343,infectious,1
4344,corrupt,1
4345,basket,1
4346,emotion,1
4347,consecrate,1
4348,educator,1
4349,vulgarly,1
4350,stocking,1
4351,masonic,1
4352,cough,1
4353,fjord,1
4354,sculptor,1
4355,scent,1
4356,funk,1
4357,seize,1
4358,eschew,1
4359,hem,1
4360,depart,1
4361,admiralty,1
4362,workmanship,1
4363,destination,1
4364,firm,1
4365,vivacious,1
4366,locution,1
4367,bois,1
4368,fiver,1
4369,exaggeration,1
4370,parole,1
4371,leisure,1
4372,inner,1
4373,outfit,1
4374,encore,1
4375,underwear,1
4376,jersey,1
4377,pitcher,1
4378,moderately,1
4379,push,1
4380,grievance,1
4381,bean,1
4382,herodotus,1
4383,hoard,1
4384,restatement,1
4385,nosegay,1
4386,thirteen,1
4387,tier,1
4388,heavily,1
4389,percolate,1
4390,shrill,1
4391,saddle,1
4392,lama,1
4393,wine,1
4394,polka,1
4395,hr,1
4396,film,1
4397,imago,1
4398,trample,1
4399,naturalness,1
4400,hansen,1
4401,ballad,1
4402,schoolgirl,1
4403,subaltern,1
4404,faust,1
4405,suffering,1
4406,stroke,1
4407,waste,1
4408,mainly,1
4409,miscellaneous,1
4410,camera,1
4411,berlioz,1
4412,receptacle,1
4413,safeguard,1
4414,canterbury,1
4415,chattanooga,1
4416,controversial,1
4417,provoke,1
4418,thrice,1
4419,vigilant,1
4420,site,1
4421,strategy,1
4422,shortcoming,1
4423,pow,1
4424,travelers,1
4425,souvenir,1
4426,schoolroom,1
4427,remembrance,1
4428,eternal,1
4429,credulity,1
4430,quoth,1
4431,repeat,1
4432,connoisseur,1
4433,warfare,1
4434,recluse,1
4435,member,1
4436,dis,1
4437,shiftlessness,1
4438,overestimate,1
4439,unique,1
4440,player,1
4441,fineness,1
4442,fictitious,1
4443,architect,1
4444,introductory,1
4445,opposite,1
4446,mend,1
4447,fervor,1
4448,swamp,1
4449,sahib,1
4450,horticultural,1
4451,victim,1
4452,occurrence,1
4453,mischief,1
4454,outlive,1
4455,tour,1
4456,cubic,1
4457,warmly,1
4458,nay,1
4459,bid,1
4460,measurably,1
4461,wither,1
4462,disburse,1
4463,immorality,1
4464,scandinavian,1
4465,cheerfully,1
4466,vintage,1
4467,arabic,1
4468,bookworm,1
4469,uruguay,1
4470,greenery,1
4471,gist,1
4472,environ,1
4473,unpack,1
4474,cardinal,1
4475,undeveloped,1
4476,basin,1
4477,ingredient,1
4478,sect,1
4479,literacy,1
4480,specific,1
4481,km,1
4482,annual,1
4483,acquisition,1
4484,pretend,1
4485,thermometer,1
4486,testimony,1
4487,comb,1
4488,temptation,1
4489,manager,1
4490,broadway,1
4491,painting,1
4492,pilgrimage,1
4493,rail,1
4494,untruthful,1
4495,conspicuously,1
4496,monograph,1
4497,realm,1
4498,emporium,1
4499,daytime,1
4500,unproductive,1
4501,porcelain,1
4502,sup,1
4503,disgorge,1
4504,comic,1
4505,burgundy,1
4506,effectiveness,1
4507,offset,1
4508,bamboo,1
4509,exigency,1
4510,thief,1
4511,observance,1
4512,rebut,1
4513,surmise,1
4514,patriot,1
4515,illegible,1
4516,privilege,1
4517,winchester,1
4518,brunelleschi,1
4519,fastidiousness,1
4520,risibility,1
4521,haunt,1
4522,trigonometry,1
4523,briton,1
4524,mammal,1
4525,weird,1
4526,charmingly,1
4527,ambitiously,1
4528,range,1
4529,crimean,1
4530,lyon,1
4531,sloth,1
4532,yam,1
4533,titian,1
4534,gamin,1
4535,heed,1
4536,prevail,1
4537,chalk,1
4538,politician,1
4539,manifestly,1
4540,footstep,1
4541,counsel,1
4542,unpublished,1
4543,ambassadorship,1
4544,moscow,1
4545,lovable,1
4546,sturdy,1
4547,girlhood,1
4548,burrow,1
4549,minutely,1
4550,arbitrarily,1
4551,bread,1
4552,klondike,1
4553,inflict,1
4554,oversupply,1
4555,dynasty,1
4556,quaint,1
4557,inability,1
4558,westchester,1
4559,curse,1
4560,abode,1
4561,indiscreet,1
4562,demonstrate,1
4563,avidity,1
4564,pursuit,1
4565,winnipeg,1
4566,decide,1
4567,confine,1
4568,ambassador,1
4569,vigorously,1
4570,mexican,1
4571,worker,1
4572,byronic,1
4573,accommodation,1
4574,discard,1
4575,quietly,1
4576,throne,1
4577,stereotype,1
4578,spotless,1
4579,refresh,1
4580,track,1
4581,inspection,1
4582,envelop,1
4583,grocer,1
4584,tieck,1
4585,berlin,1
4586,drinker,1
4587,parson,1
4588,hollow,1
4589,sorcery,1
4590,speedily,1
4591,prank,1
4592,preoccupation,1
4593,kingly,1
4594,intimacy,1
4595,wag,1
4596,persian,1
4597,tuba,1
4598,hopelessly,1
4599,filth,1
4600,precious,1
4601,pot,1
4602,fireplace,1
4603,arena,1
4604,exemplar,1
4605,departure,1
4606,patronymic,1
4607,socratic,1
4608,ugly,1
4609,smug,1
4610,breeze,1
4611,insistence,1
4612,despond,1
4613,chinaman,1
4614,elaboration,1
4615,announce,1
4616,subtle,1
4617,soap,1
4618,annum,1
4619,befall,1
4620,reflective,1
4621,unattainable,1
4622,renew,1
4623,frenchman,1
4624,liszt,1
4625,extravaganza,1
4626,barely,1
4627,pulpit,1
4628,armless,1
4629,thrill,1
4630,consequence,1
4631,excitable,1
4632,recognition,1
4633,exert,1
4634,expectorate,1
4635,properly,1
4636,despise,1
4637,unimaginative,1
4638,alas,1
4639,senseless,1
4640,distribute,1
4641,statue,1
4642,rugged,1
4643,whale,1
4644,candlelight,1
4645,birthday,1
4646,factor,1
4647,misery,1
4648,critic,1
4649,asleep,1
4650,savannah,1
4651,alongside,1
4652,sell,1
4653,base,1
4654,sincerely,1
4655,obnoxious,1
4656,crisis,1
4657,milk,1
4658,bravely,1
4659,farcical,1
4660,unrealized,1
4661,manual,1
4662,dissipate,1
4663,depress,1
4664,freshman,1
4665,overburden,1
4666,bow,1
4667,pitfall,1
4668,lessen,1
4669,climate,1
4670,naught,1
4671,peddler,1
4672,rat,1
4673,wrapper,1
4674,tough,1
4675,magnificent,1
4676,propagate,1
4677,continual,1
4678,conqueror,1
4679,calling,1
4680,turmoil,1
4681,jump,1
4682,physic,1
4683,incorporate,1
4684,omit,1
4685,dub,1
4686,document,1
4687,premature,1
4688,deduction,1
4689,pane,1
4690,dialect,1
4691,hurry,1
4692,temper,1
4693,register,1
4694,patient,1
4695,grab,1
4696,skylark,1
4697,sensitive,1
4698,assistance,1
4699,divert,1
4700,mast,1
4701,esteem,1
4702,synonym,1
4703,akin,1
4704,revolve,1
4705,enthuse,1
4706,bicycle,1
4707,pile,1
4708,tadpole,1
4709,shin,1
4710,nigger,1
4711,gathering,1
4712,questionable,1
4713,absorption,1
4714,umbra,1
4715,bedtime,1
4716,portent,1
4717,volunteer,1
4718,lucknow,1
4719,milan,1
4720,browning,1
4721,eyesight,1
4722,fourteen,1
4723,ramble,1
4724,kingdom,1
4725,taper,1
4726,superlative,1
4727,globe,1
4728,cabinetmaker,1
4729,columbia,1
4730,shoe,1
4731,prep,1
4732,reign,1
4733,expend,1
4734,diem,1
4735,tool,1
4736,invent,1
4737,glowworm,1
4738,strictly,1
4739,howell,1
4740,gait,1
4741,ghastly,1
4742,strawberry,1
4743,inferior,1
4744,mete,1
4745,wistfulness,1
4746,judicious,1
4747,retainer,1
4748,piety,1
4749,statesman,1
4750,harem,1
4751,heredity,1
4752,congress,1
4753,superintendent,1
4754,presently,1
4755,scoop,1
4756,outstretch,1
4757,sash,1
4758,bis,1
4759,dewy,1
4760,converse,1
4761,fertility,1
4762,anglican,1
4763,lucretius,1
4764,decency,1
4765,keats,1
4766,trout,1
4767,install,1
4768,turnip,1
4769,aug,1
4770,narrator,1
4771,willingly,1
4772,revolver,1
4773,unprejudiced,1
4774,handsomely,1
4775,undisturbed,1
4776,designedly,1
4777,nuance,1
4778,brave,1
4779,elaborate,1
4780,incipient,1
4781,check,1
4782,staffordshire,1
4783,meaningless,1
4784,grammar,1
4785,enrage,1
4786,moisture,1
4787,eccentric,1
4788,investigation,1
4789,eave,1
4790,mis,1
4791,retrieve,1
4792,doubly,1
4793,hindrance,1
4794,anger,1
4795,dollar,1
4796,obliterate,1
4797,wrathfully,1
4798,verbal,1
4799,seattle,1
4800,dissertation,1
4801,terribly,1
4802,repose,1
4803,excel,1
4804,poison,1
4805,ditty,1
4806,entente,1
4807,venerable,1
4808,wrest,1
4809,um,1
4810,repeatedly,1
4811,exhaustion,1
4812,inch,1
4813,morbidly,1
4814,outing,1
4815,monopolize,1
4816,lettuce,1
4817,suffuse,1
4818,elect,1
4819,supervisor,1
4820,swallow,1
4821,sensible,1
4822,slay,1
4823,ode,1
4824,betake,1
4825,analogy,1
4826,locate,1
4827,tue,1
4828,languid,1
4829,known,1
4830,hunger,1
4831,composer,1
4832,trench,1
4833,harmful,1
4834,burne,1
4835,imminent,1
4836,corp,1
4837,journalism,1
4838,instructor,1
4839,representation,1
4840,invest,1
4841,canvas,1
4842,carnegie,1
4843,compass,1
4844,pour,1
4845,graduate,1