,term,matches
0,house,2
1,quiet,2
2,botanical,2
3,work,2
4,famous,2
5,talk,2
6,folio,2
7,plant,2
8,italian,2
9,old,2
10,tor,1
11,pathos,1
12,self,1
13,sin,1
14,external,1
15,flourish,1
16,italy,1
17,illustration,1
18,posing,1
19,description,1
20,wharton,1
21,brunelleschi,1
22,duel,1
23,scissor,1
24,troll,1
25,emit,1
26,inclemency,1
27,value,1
28,ye,1
29,thing,1
30,wheelwright,1
31,funeral,1
32,umbra,1
33,lazily,1
34,tile,1
35,window,1
36,background,1
37,kiss,1
38,chapter,1
39,crossroad,1
40,chapters,1
41,horticultural,1
42,responsibility,1
43,shibboleth,1
44,historical,1
45,prance,1
46,psychological,1
47,carr,1
48,church,1
49,freshman,1
50,peddle,1
51,connelly,1
52,extra,1
53,simple,1
54,director,1
55,lexicographer,1
56,wins,1
57,melon,1
58,weed,1
59,fairy,1
60,forge,1
61,insist,1
62,general,1
63,toadyism,1
64,giorgione,1
65,arrive,1
66,impossibility,1
67,cardinal,1
68,dawdler,1
69,decoration,1
70,story,1
71,coma,1
72,know,1
73,morbidly,1
74,body,1
75,rightly,1
76,eminence,1
77,seat,1
78,dive,1
79,sign,1
80,excessive,1
81,world,1
82,pressure,1
83,senseless,1
84,schoolmate,1
85,specie,1
86,scotland,1
87,lodge,1
88,text,1
89,temptation,1
90,sprout,1
91,envelop,1
92,incredulously,1
93,hermit,1
94,tree,1
95,plebe,1
96,chesterfield,1
97,artistic,1
98,cupola,1
99,hedgerow,1
100,descriptive,1
101,cather,1
102,sorry,1
103,tell,1
104,plotting,1
105,taught,1
106,deem,1
107,nature,1
108,leap,1
109,foliage,1
110,porch,1
111,richelieu,1
112,embrace,1
113,eschew,1
114,neighbor,1
115,ridicule,1
116,quadrangle,1
117,help,1
118,avoid,1
119,imprint,1
120,promise,1
121,philosophy,1
122,jailer,1
123,morbidness,1
124,skin,1
125,collection,1
126,sculpture,1
127,sightseer,1
128,villa,1
129,tin,1
130,obscure,1
131,door,1
132,obliterate,1
133,dissertation,1
134,sphere,1
135,palladio,1
136,penitent,1
137,trowel,1
138,pariah,1
139,dr,1
140,picture,1
141,foreground,1
142,ruin,1
143,confessional,1
144,come,1
145,sweat,1
146,control,1
147,crucifixion,1
148,americana,1
149,enter,1
150,impassion,1
151,austria,1
152,tragic,1
153,platonic,1
154,pleasant,1
155,mouth,1
156,shallow,1
157,bassett,1
158,comprise,1
159,shrub,1
160,real,1
161,johnson,1
162,risibility,1
163,enjoy,1
164,funny,1
165,ligneous,1
166,acer,1
167,genus,1
168,fulfillment,1
169,lucknow,1
170,kind,1
171,parrish,1
172,architectural,1
173,village,1
174,maid,1
175,rector,1
176,anathematize,1
177,eastwood,1
178,masonic,1
179,introductory,1
180,wealth,1
181,purity,1
182,guardian,1
183,ambitious,1
184,confess,1
185,march,1
186,firth,1
187,creep,1
188,possible,1
189,ape,1
190,alp,1
191,pars,1
192,postage,1
193,photograph,1
194,earthly,1
195,architecture,1
196,apple,1
197,handshaking,1
198,spotlessly,1
199,landscape,1
200,american,1
201,marino,1
202,derbyshire,1
203,great,1
204,architect,1
205,relative,1
206,palace,1
207,priest,1
208,saturday,1
209,behave,1
210,diagram,1
211,absurdity,1
212,prebendary,1
213,sot,1
214,alpine,1
215,chuckle,1
216,partly,1
217,elude,1
218,coke,1
219,learn,1
220,magic,1
221,arboretum,1
222,vatican,1
223,mind,1
224,modal,1
225,crankiness,1
226,flirtation,1
227,frivolous,1
228,candlelight,1
